starname,mass,mass_mc_err,mass_observed,mass_resid,age_log10yr,age_gyr,age_gyr_mc_err,age_observed,age_resid,feh,feh_mc_err,feh_observed,feh_resid,AV,AV_mc_err,distance_pc,distance_pc_mc_err,chi2,dof,red_chi2,success,message,bands_used,used_teff_initial,used_feh_initial,used_age_initial,BP_mag_obs,BP_mag_model,BP_mag_resid,G_mag_obs,G_mag_model,G_mag_resid,RP_mag_obs,RP_mag_model,RP_mag_resid,J_mag_obs,J_mag_model,J_mag_resid,H_mag_obs,H_mag_model,H_mag_resid,K_mag_obs,K_mag_model,K_mag_resid
TOI-6016,1.426988826542702,0.03317977918176763,1.31,0.11698882654270193,8.817123846800671,0.6563324044846585,0.029836105700594803,0.3,0.35633240448465847,0.28203617614835924,0.09457005256234981,0.28,0.0020361761483592145,0.9794260883341446,0.08135209291810935,362.3881791091856,12.883596290442956,0.39460333771744915,3,0.1315344459058164,True,`ftol` termination condition is satisfied.,"['BP_mag', 'G_mag', 'RP_mag', 'J_mag', 'H_mag', 'K_mag']",True,True,True,12.33110636314,12.332617055282203,0.0015106921422027852,11.909992875,11.909667819498225,-0.0003250555017757506,11.32091118571,11.321633241463513,0.0007220557535116967,10.629,10.618344938420707,-0.010655061579292635,10.308,10.313183880928271,0.005183880928271378,10.224,10.223804326366436,-0.0001956736335646525
Qatar-4,0.9045699832508532,0.024925078039307855,0.896,0.00856998325085323,8.23630571314843,0.17230810775676236,0.11756410182832293,0.17,0.002308107756762351,0.06908163927841374,0.10205532366540578,0.103,-0.03391836072158626,0.2442003291356712,0.12317990927858348,333.7766602993999,10.042125161469382,4.0897197021916405,3,1.363239900730547,True,`ftol` termination condition is satisfied.,"['BP_mag', 'G_mag', 'RP_mag', 'J_mag', 'H_mag', 'K_mag']",True,True,True,13.86767723439,13.85690959542862,-0.010767638961379333,13.40040417457,13.399014996413593,-0.0013891781564066008,12.77131261663,12.783410032295816,0.012097415665815348,12.03,12.049107542717199,0.019107542717199166,11.631,11.598396760092179,-0.032603239907821546,11.519,11.525907639090132,0.006907639090131923
Qatar-5,1.1695232203829358,0.027227587453442476,1.128,0.04152322038293588,8.949515604045851,0.890257424067336,0.0907002831010427,0.53,0.36025742406733596,0.38535203014497316,0.09653161404757393,0.377,0.008352030144973155,0.274113021414899,0.0808438025497822,377.0131026067546,13.601965714120675,7.6201584237552895,3,2.5400528079184297,True,`ftol` termination condition is satisfied.,"['BP_mag', 'G_mag', 'RP_mag', 'J_mag', 'H_mag', 'K_mag']",True,True,True,12.8873481439,12.892675167720725,0.005327023820724364,12.51198737275,12.511800473249677,-0.00018689950032246827,11.97502587868,11.967705231652142,-0.00732064702785884,11.348,11.371805256604741,0.02380525660474042,11.089,11.042704844874894,-0.04629515512510629,10.956,10.980238185241818,0.024238185241818755
WASP-93,1.5515983999565366,0.04964910250254161,1.334,0.21759839995653651,8.521113868749215,0.3319814891940502,0.02908993572114177,0.7,-0.3680185108059498,0.14835512172624887,0.08782320274675977,0.07,0.07835512172624887,0.40884751294743726,0.13408975215845698,365.824962071214,13.15905739866297,7.046526674912236,3,2.3488422249707455,True,`ftol` termination condition is satisfied.,"['BP_mag', 'G_mag', 'RP_mag', 'J_mag', 'H_mag', 'K_mag']",True,True,True,11.2095350487,11.217396062447635,0.007861013747636036,10.984385221,10.980449125237659,-0.0039360957623415516,10.5915123191,10.594477626905162,0.002965307805162354,10.233,10.186234373332802,-0.046765626667198745,9.997,10.003595529530239,0.006595529530239119,9.942,9.96019014580596,0.0181901458059599
TOI-2046,1.2582717897577975,0.027333954440224212,1.13,0.12827178975779763,7.527042425286531,0.03365444440669604,0.01592913323363925,0.45,-0.416345555593304,-0.04627460091042311,0.10079483389446599,-0.06,0.013725399089576887,0.47238108139181845,0.10110780521722652,287.16202194309807,8.036942992785226,0.49327146077310635,3,0.1644238202577021,True,`ftol` termination condition is satisfied.,"['BP_mag', 'G_mag', 'RP_mag', 'J_mag', 'H_mag', 'K_mag']",True,True,True,11.71832973646,11.715223036811608,-0.0031066996483914977,11.4081268017,11.409106207224987,0.000979405524986987,10.9331821994,10.936282581651724,0.0031003822517252644,10.415,10.406552572015825,-0.008447427984174638,10.125,10.141593078965792,0.01659307896579243,10.094,10.090925899347043,-0.003074100652955991
TOI-2152,1.573464026804233,0.03150845752002162,1.516,0.057464026804233015,8.870935695279723,0.7429091293594245,0.02830601311193415,0.83,-0.08709087064057541,0.3120970129991326,0.09632114998153743,0.282,0.030097012999132644,1.0648799364670227,0.09959586155190313,320.3266082582992,10.129351845496531,1.9475170750297714,3,0.6491723583432571,True,`ftol` termination condition is satisfied.,"['BP_mag', 'G_mag', 'RP_mag', 'J_mag', 'H_mag', 'K_mag']",True,True,True,11.6610116794,11.652658038961167,-0.008353640438832244,11.2434520338,11.237044716339247,-0.0064073174607539585,10.635722565,10.658346505056777,0.022623940056776703,9.973,9.964227708937988,-0.008772291062012272,9.669,9.679608553725696,0.010608553725695913,9.597,9.586754314099522,-0.010245685900477142
TOI-262,0.9665209637543626,0.010334896056516269,0.913,0.05352096375436255,8.936842278632414,0.8646538481175905,0.1554971446894044,0.8,0.06465384811759045,0.27132909721492393,0.10303857785724563,0.26,0.011329097214923922,0.05350483510030191,0.09053077262935465,44.16282785566855,0.19231286803481198,6.2736935620865975,3,2.091231187362199,True,`ftol` termination condition is satisfied.,"['BP_mag', 'G_mag', 'RP_mag', 'J_mag', 'H_mag', 'K_mag']",True,True,True,9.109068518,9.103486665101272,-0.005581852898728812,8.677936184,8.676502748933842,-0.0014334350661577844,8.081017597,8.091544407249936,0.010526810249935181,7.387,7.427458709110469,0.040458709110469115,7.051,7.007566203707581,-0.04343379629241895,6.967,6.942622964007277,-0.024377035992722895
TOI-1224,0.4156140665300196,0.0035990094311504875,0.4,0.015614066530019566,9.587477702161198,3.8679219517872614,1.125589041570855,0.21,3.6579219517872614,0.25606764983111296,0.03853359975454498,,nan,0.024710461766942048,0.1013231314306762,37.27312937106283,0.1406144691431304,8.05957692099047,2,4.029788460495235,True,`ftol` termination condition is satisfied.,"['BP_mag', 'G_mag', 'RP_mag', 'J_mag', 'H_mag', 'K_mag']",True,False,True,14.1764028464,14.113282940010958,-0.06311990638904241,12.7679328018,12.769935915415083,0.002003113615081986,11.6009054078,11.673849876859098,0.0729444690590988,10.018,10.021992592756362,0.003992592756361546,9.405,9.357222361455449,-0.04777763854455053,9.134,9.15587840498728,0.02187840498728022
TOI-1224,0.4156140665300196,0.0035990094311504875,0.4,0.015614066530019566,9.587477702161198,3.8679219517872614,1.125589041570855,0.21,3.6579219517872614,0.25606764983111296,0.03853359975454498,,nan,0.024710461766942048,0.1013231314306762,37.27312937106283,0.1406144691431304,8.05957692099047,2,4.029788460495235,True,`ftol` termination condition is satisfied.,"['BP_mag', 'G_mag', 'RP_mag', 'J_mag', 'H_mag', 'K_mag']",True,False,True,14.1764028464,14.113282940010958,-0.06311990638904241,12.7679328018,12.769935915415083,0.002003113615081986,11.6009054078,11.673849876859098,0.0729444690590988,10.018,10.021992592756362,0.003992592756361546,9.405,9.357222361455449,-0.04777763854455053,9.134,9.15587840498728,0.02187840498728022
GPX-1,1.610984318995342,0.09049970235655139,1.68,-0.06901568100465805,8.683171443904595,0.48213809090979465,0.03436488057686553,0.27,0.21213809090979463,0.327093237510566,0.1031450324358939,0.35,-0.022906762489433963,0.31491356712591684,0.16375046869321425,694.3584699432462,50.76197779301118,3.973315963736122,3,1.3244386545787072,True,`ftol` termination condition is satisfied.,"['BP_mag', 'G_mag', 'RP_mag', 'J_mag', 'H_mag', 'K_mag']",True,True,True,12.4614650604,12.460461910695724,-0.001003149704276396,12.21275934568,12.211390397311987,-0.0013689483680128234,11.8152232159,11.811103561988157,-0.004119653911843102,11.357,11.401927673024316,0.04492767302431666,11.221,11.209104815828653,-0.011895184171347495,11.181,11.166047918935297,-0.014952081064702583
HD 18599,0.8673027552577025,0.0087097345687575,0.863,0.004302755257702517,8.124909313706263,0.13332430047456956,0.08406124647947097,0.4,-0.26667569952543047,-0.05353290151681722,0.09363354292059499,0.0,-0.05353290151681722,0.17725376047480723,0.10652085787223242,38.645217081994396,0.1475759113786816,11.84159532131327,3,3.9471984404377563,True,`ftol` termination condition is satisfied.,"['BP_mag', 'G_mag', 'RP_mag', 'J_mag', 'H_mag', 'K_mag']",True,True,True,9.190198587,9.180608714883997,-0.009589872116002596,8.741665106,8.744294465690805,0.0026293596908057992,8.1271342702,8.14685059193579,0.019716321735790743,7.428,7.438300580552357,0.010300580552357275,7.029,6.9918766608641665,-0.03712333913583343,6.883,6.926497010261632,0.043497010261631885
WASP-139,0.9282336833882957,0.018626204028627937,0.92,0.008233683388295665,8.593554294717533,0.392242180681718,0.12162771394110498,0.5,-0.10775781931828199,0.18537305189112738,0.08996792379316021,0.2,-0.014626948108872634,0.0603915106550031,0.08817235494990155,213.67471450304154,4.225696853235218,1.7399546351317445,3,0.5799848783772482,True,`ftol` termination condition is satisfied.,"['BP_mag', 'G_mag', 'RP_mag', 'J_mag', 'H_mag', 'K_mag']",True,True,True,12.70151097619,12.69938083343564,-0.00213014275436052,12.2641077467,12.264448736324896,0.00034098962489537143,11.66692103741,11.67166821298639,0.00474717557638904,10.982,10.987953514432565,0.005953514432565754,10.575,10.549467910334336,-0.02553208966566345,10.472,10.484354051338956,0.012354051338956396
TOI-6109,1.0694298691867774,0.016950556599919068,1.03,0.03942986918677738,7.887657218641541,0.07720709618696134,0.04663261465595388,0.075,0.002207096186961341,0.0854170118532765,0.10245752947012748,0.0895,-0.00408298814672349,0.3020430860782812,0.10895534817860086,148.55363304754252,2.1759552087038094,0.14629332624225255,3,0.04876444208075085,True,`ftol` termination condition is satisfied.,"['BP_mag', 'G_mag', 'RP_mag', 'J_mag', 'H_mag', 'K_mag']",True,True,True,11.1789124833,11.192178851727833,0.013266368427833797,10.8194268352,10.816904501992477,-0.00252233320752282,10.290867782,10.274442923752403,-0.01642485824759632,9.656,9.659773407058653,0.003773407058652367,9.316,9.309271420513667,-0.00672857948633343,9.251,9.251705097732252,0.0007050977322524687
TOI-6109,1.0694298691867774,0.016950556599919068,1.03,0.03942986918677738,7.887657218641541,0.07720709618696134,0.04663261465595388,0.075,0.002207096186961341,0.0854170118532765,0.10245752947012748,0.0895,-0.00408298814672349,0.3020430860782812,0.10895534817860086,148.55363304754252,2.1759552087038094,0.14629332624225255,3,0.04876444208075085,True,`ftol` termination condition is satisfied.,"['BP_mag', 'G_mag', 'RP_mag', 'J_mag', 'H_mag', 'K_mag']",True,True,True,11.1789124833,11.192178851727833,0.013266368427833797,10.8194268352,10.816904501992477,-0.00252233320752282,10.290867782,10.274442923752403,-0.01642485824759632,9.656,9.659773407058653,0.003773407058652367,9.316,9.309271420513667,-0.00672857948633343,9.251,9.251705097732252,0.0007050977322524687
WASP-140,0.925614099944052,0.013530319866287315,0.9,0.02561409994405195,8.15339838884826,0.14236341223889218,0.08255663818488136,0.5,-0.35763658776110785,0.09252310488780399,0.07311806151832463,0.12,-0.027476895112196004,2.823896917307895e-18,0.06725417254608813,116.99954072961856,1.329507888118104,1.9115580631801212,3,0.6371860210600404,True,`ftol` termination condition is satisfied.,"['BP_mag', 'G_mag', 'RP_mag', 'J_mag', 'H_mag', 'K_mag']",True,True,True,11.2293408075,11.222603685338608,-0.00673712216139144,10.825150483,10.824133210865892,-0.0010172721341081825,10.2534795013,10.263951628231315,0.010472126931315273,9.609,9.63063502447388,0.02163502447388055,9.24,9.217316887562943,-0.022683112437057673,9.165,9.162019144602048,-0.002980855397950677
V1298 Tau,1.1261357168512756,0.019159084726650417,1.101,0.02513571685127558,7.36041175172534,0.02293040639169018,0.00018037557198131564,0.023,-6.959360830981892e-05,0.17083637949590286,0.07406738176535263,0.1,0.07083637949590285,0.720294462905449,0.09710295343261545,107.66481708460161,1.1360733577329785,9.062559176600146,3,3.0208530588667153,True,`ftol` termination condition is satisfied.,"['BP_mag', 'G_mag', 'RP_mag', 'J_mag', 'H_mag', 'K_mag']",True,True,True,10.556251992,10.581525747416148,0.025273755416147736,10.0805549386,10.085073823197549,0.004518884597548123,9.4379799704,9.434052398489975,-0.003927571910026018,8.687,8.632270276867395,-0.05472972313260449,8.191,8.212641395233224,0.021641395233222838,8.094,8.120630730515156,0.026630730515156742
V1298 Tau,1.1261357168512756,0.019159084726650417,1.101,0.02513571685127558,7.36041175172534,0.02293040639169018,0.00018037557198131564,0.023,-6.959360830981892e-05,0.17083637949590286,0.07406738176535263,0.1,0.07083637949590285,0.720294462905449,0.09710295343261545,107.66481708460161,1.1360733577329785,9.062559176600146,3,3.0208530588667153,True,`ftol` termination condition is satisfied.,"['BP_mag', 'G_mag', 'RP_mag', 'J_mag', 'H_mag', 'K_mag']",True,True,True,10.556251992,10.581525747416148,0.025273755416147736,10.0805549386,10.085073823197549,0.004518884597548123,9.4379799704,9.434052398489975,-0.003927571910026018,8.687,8.632270276867395,-0.05472972313260449,8.191,8.212641395233224,0.021641395233222838,8.094,8.120630730515156,0.026630730515156742
V1298 Tau,1.1261357168512756,0.019159084726650417,1.101,0.02513571685127558,7.36041175172534,0.02293040639169018,0.00018037557198131564,0.023,-6.959360830981892e-05,0.17083637949590286,0.07406738176535263,0.1,0.07083637949590285,0.720294462905449,0.09710295343261545,107.66481708460161,1.1360733577329785,9.062559176600146,3,3.0208530588667153,True,`ftol` termination condition is satisfied.,"['BP_mag', 'G_mag', 'RP_mag', 'J_mag', 'H_mag', 'K_mag']",True,True,True,10.556251992,10.581525747416148,0.025273755416147736,10.0805549386,10.085073823197549,0.004518884597548123,9.4379799704,9.434052398489975,-0.003927571910026018,8.687,8.632270276867395,-0.05472972313260449,8.191,8.212641395233224,0.021641395233222838,8.094,8.120630730515156,0.026630730515156742
V1298 Tau,1.1261357168512756,0.019159084726650417,1.101,0.02513571685127558,7.36041175172534,0.02293040639169018,0.00018037557198131564,0.023,-6.959360830981892e-05,0.17083637949590286,0.07406738176535263,0.1,0.07083637949590285,0.720294462905449,0.09710295343261545,107.66481708460161,1.1360733577329785,9.062559176600146,3,3.0208530588667153,True,`ftol` termination condition is satisfied.,"['BP_mag', 'G_mag', 'RP_mag', 'J_mag', 'H_mag', 'K_mag']",True,True,True,10.556251992,10.581525747416148,0.025273755416147736,10.0805549386,10.085073823197549,0.004518884597548123,9.4379799704,9.434052398489975,-0.003927571910026018,8.687,8.632270276867395,-0.05472972313260449,8.191,8.212641395233224,0.021641395233222838,8.094,8.120630730515156,0.026630730515156742
WASP-120,1.5839665921373087,0.048589354842952064,1.393,0.1909665921373087,8.847465962401877,0.7038270637044497,0.015401663122919748,0.7,0.00382706370444974,-0.035006794767211566,0.10163940772713899,-0.05,0.014993205232788437,0.5888649642833557,0.145440956160912,381.4767497497575,14.624885228780895,3.9092123875763605,3,1.3030707958587868,True,`ftol` termination condition is satisfied.,"['BP_mag', 'G_mag', 'RP_mag', 'J_mag', 'H_mag', 'K_mag']",True,True,True,11.1191745545,11.12385145396181,0.004676899461809825,10.8986722652,10.898170477403378,-0.000501787796622466,10.52826430451,10.529700034830856,0.001435730320856976,10.148,10.118933596442828,-0.029066403557171938,9.982,9.959133425675947,-0.022866574324051925,9.877,9.908798957796993,0.031798957796992156
TOI-451,0.9399070301150164,0.017468947513339068,0.95,-0.010092969884983538,7.636660168946034,0.043317179317809505,0.029468696658663394,0.12,-0.07668282068219048,-0.028438622657437167,0.5096764224230717,,nan,0.05483156069002109,0.25503086016321813,123.54361820511495,1.546749054419866,2.6334458586718683,2,1.3167229293359342,True,`ftol` termination condition is satisfied.,"['BP_mag', 'G_mag', 'RP_mag', 'J_mag', 'H_mag', 'K_mag']",True,False,True,11.13115577128,11.120974722807539,-0.01018104847246093,10.7560489269,10.758150448556577,0.0021015216565771766,10.2135738695,10.229171415142792,0.01559754564279281,9.636,9.6372524420323,0.0012524420323014596,9.287,9.260326712586766,-0.02667328741323516,9.19,9.212343870461503,0.0223438704615031
TOI-451,0.9399070301150164,0.017468947513339068,0.95,-0.010092969884983538,7.636660168946034,0.043317179317809505,0.029468696658663394,0.12,-0.07668282068219048,-0.028438622657437167,0.5096764224230717,,nan,0.05483156069002109,0.25503086016321813,123.54361820511495,1.546749054419866,2.6334458586718683,2,1.3167229293359342,True,`ftol` termination condition is satisfied.,"['BP_mag', 'G_mag', 'RP_mag', 'J_mag', 'H_mag', 'K_mag']",True,False,True,11.13115577128,11.120974722807539,-0.01018104847246093,10.7560489269,10.758150448556577,0.0021015216565771766,10.2135738695,10.229171415142792,0.01559754564279281,9.636,9.6372524420323,0.0012524420323014596,9.287,9.260326712586766,-0.02667328741323516,9.19,9.212343870461503,0.0223438704615031
TOI-451,0.9399070301150164,0.017468947513339068,0.95,-0.010092969884983538,7.636660168946034,0.043317179317809505,0.029468696658663394,0.12,-0.07668282068219048,-0.028438622657437167,0.5096764224230717,,nan,0.05483156069002109,0.25503086016321813,123.54361820511495,1.546749054419866,2.6334458586718683,2,1.3167229293359342,True,`ftol` termination condition is satisfied.,"['BP_mag', 'G_mag', 'RP_mag', 'J_mag', 'H_mag', 'K_mag']",True,False,True,11.13115577128,11.120974722807539,-0.01018104847246093,10.7560489269,10.758150448556577,0.0021015216565771766,10.2135738695,10.229171415142792,0.01559754564279281,9.636,9.6372524420323,0.0012524420323014596,9.287,9.260326712586766,-0.02667328741323516,9.19,9.212343870461503,0.0223438704615031
K2-25,0.28897658009737,0.0033278293195664237,0.2634,0.02557658009736996,9.527673470986286,3.3703381084933905,0.9433047373819524,0.73,2.6403381084933906,0.17223078267043637,0.015964143364025084,0.15,0.022230782670436378,3.909588213286864e-15,0.051012035915387346,44.727206065293444,0.19785615016149616,13.274562986274542,3,4.4248543287581805,True,`ftol` termination condition is satisfied.,"['BP_mag', 'G_mag', 'RP_mag', 'J_mag', 'H_mag', 'K_mag']",True,True,True,16.06385579613,15.966681147721093,-0.097174648408906,14.35545336622,14.347477202129275,-0.007976164090726101,13.10250604293,13.175697185262813,0.07319114233281176,11.303,11.312663236856261,0.009663236856260582,10.732,10.684131460159504,-0.04786853984049522,10.444,10.467492565375517,0.02349256537551625
IRAS 04125+2902,0.8330106798789539,0.011910715916965001,0.7,0.13301067987895399,7.015700000000001,0.010368119640610277,3.969841243225264e-07,0.0033,0.007068119640610277,0.49999999745233303,1.456388852029827e-14,,nan,0.8747458955935916,0.15919984047204808,151.49171639880223,1.3445825928733084,410.3527172326188,2,205.1763586163094,True,`xtol` termination condition is satisfied.,"['BP_mag', 'G_mag', 'RP_mag', 'J_mag', 'H_mag', 'K_mag']",True,False,True,15.594888394326,14.714663391153618,-0.8802250031723826,13.981355476918,13.44026094094527,-0.5410945359727304,12.73824230536,12.37262594655479,-0.3656163588052106,10.709,10.697129251578655,-0.011870748421344501,9.756,9.830049531138087,0.07404953113808688,9.376,9.619666757215203,0.2436667572152036
TOI-444,0.8458288285232217,0.010328267348737142,0.96,-0.11417117147677824,9.180846404766392,1.5165139330444868,0.21921333464773263,0.57,0.9465139330444868,0.01649238135732666,0.0668258363205252,0.08,-0.06350761864267335,1.4858974644305484e-13,0.06086909831269564,57.51454315263198,0.32540614216358743,5.026351766661444,3,1.6754505888871478,True,`ftol` termination condition is satisfied.,"['BP_mag', 'G_mag', 'RP_mag', 'J_mag', 'H_mag', 'K_mag']",True,True,True,10.0597780985,10.043815490139716,-0.015962608360284847,9.6115731447,9.611450982136303,-0.0001221625636969037,8.9990025734,9.020193982123356,0.021191408723355565,8.3,8.329222084488014,0.029222084488013778,7.915,7.8674498339440575,-0.04755016605594253,7.832,7.806323445476659,-0.025676554523340833
K2-136,0.7159431816566947,0.00785041347971106,0.742,-0.02605681834330531,9.3417742523167,2.196717714953543,0.3097932379904407,0.65,1.5467177149535432,0.05881257156533329,0.12980598921441858,-0.02,0.07881257156533329,0.11175898714828277,0.21836272859696396,58.89652688321108,0.34742829147106646,14.13537897936266,3,4.711792993120887,True,`ftol` termination condition is satisfied.,"['BP_mag', 'G_mag', 'RP_mag', 'J_mag', 'H_mag', 'K_mag']",True,True,True,11.5397526969,11.493394923357133,-0.04635777354286752,10.8536767534,10.853285774509457,-0.000390978890543181,10.0526718772,10.098709457806102,0.04603758060610197,9.096,9.127069785567056,0.03106978556705542,8.496,8.462947966942092,-0.03305203305790805,8.368,8.35865075079599,-0.00934924920401059
K2-136,0.7159431816566947,0.00785041347971106,0.742,-0.02605681834330531,9.3417742523167,2.196717714953543,0.3097932379904407,0.65,1.5467177149535432,0.05881257156533329,0.12980598921441858,-0.02,0.07881257156533329,0.11175898714828277,0.21836272859696396,58.89652688321108,0.34742829147106646,14.13537897936266,3,4.711792993120887,True,`ftol` termination condition is satisfied.,"['BP_mag', 'G_mag', 'RP_mag', 'J_mag', 'H_mag', 'K_mag']",True,True,True,11.5397526969,11.493394923357133,-0.04635777354286752,10.8536767534,10.853285774509457,-0.000390978890543181,10.0526718772,10.098709457806102,0.04603758060610197,9.096,9.127069785567056,0.03106978556705542,8.496,8.462947966942092,-0.03305203305790805,8.368,8.35865075079599,-0.00934924920401059
K2-136,0.7159431816566947,0.00785041347971106,0.742,-0.02605681834330531,9.3417742523167,2.196717714953543,0.3097932379904407,0.65,1.5467177149535432,0.05881257156533329,0.12980598921441858,-0.02,0.07881257156533329,0.11175898714828277,0.21836272859696396,58.89652688321108,0.34742829147106646,14.13537897936266,3,4.711792993120887,True,`ftol` termination condition is satisfied.,"['BP_mag', 'G_mag', 'RP_mag', 'J_mag', 'H_mag', 'K_mag']",True,True,True,11.5397526969,11.493394923357133,-0.04635777354286752,10.8536767534,10.853285774509457,-0.000390978890543181,10.0526718772,10.098709457806102,0.04603758060610197,9.096,9.127069785567056,0.03106978556705542,8.496,8.462947966942092,-0.03305203305790805,8.368,8.35865075079599,-0.00934924920401059
HAT-P-70,1.8904452542807013,0.03811037059570313,1.89,0.0004452542807014126,8.776832064859883,0.5981802430355272,0.0042379557579979125,0.6,-0.0018197569644727851,-0.08606208889189196,0.09004736942783628,-0.059,-0.02706208889189196,0.32512330147042057,0.08856071029167525,319.04786064567253,9.94777455713207,1.6032323991474766,3,0.5344107997158255,True,`ftol` termination condition is satisfied.,"['BP_mag', 'G_mag', 'RP_mag', 'J_mag', 'H_mag', 'K_mag']",True,True,True,9.540476582,9.555620488771536,0.015143906771536209,9.458498129,9.454678615680338,-0.0038195133196623487,9.283253223,9.273632815203193,-0.00962040779680784,9.068,9.070671498049341,0.0026714980493416363,9.023,9.007579659639303,-0.015420340360696727,8.963,8.979002338776152,0.016002338776152314
TOI-942,0.9421627684939607,0.01449128577080572,0.822,0.12016276849396079,7.901415552498355,0.07969215160805163,0.05728218720702583,0.053,0.026692151608051627,-0.1618207441264874,0.10544325960615522,-0.221,0.05917925587351261,0.768393408193488,0.10488769329910769,150.80876879636608,2.2484948134370772,7.035961854117022,3,2.345320618039007,True,`ftol` termination condition is satisfied.,"['BP_mag', 'G_mag', 'RP_mag', 'J_mag', 'H_mag', 'K_mag']",True,True,True,12.10917877282,12.124444408134503,0.015265635314502646,11.6302974381,11.63918884065427,0.00889140255427101,10.97961483333,10.993750882610675,0.014136049280674357,10.231,10.186224679146196,-0.044775320853803535,9.747,9.758912917246338,0.01191291724633814,9.639,9.67145209474612,0.03245209474612132
TOI-942,0.9421627684939607,0.01449128577080572,0.822,0.12016276849396079,7.901415552498355,0.07969215160805163,0.05728218720702583,0.053,0.026692151608051627,-0.1618207441264874,0.10544325960615522,-0.221,0.05917925587351261,0.768393408193488,0.10488769329910769,150.80876879636608,2.2484948134370772,7.035961854117022,3,2.345320618039007,True,`ftol` termination condition is satisfied.,"['BP_mag', 'G_mag', 'RP_mag', 'J_mag', 'H_mag', 'K_mag']",True,True,True,12.10917877282,12.124444408134503,0.015265635314502646,11.6302974381,11.63918884065427,0.00889140255427101,10.97961483333,10.993750882610675,0.014136049280674357,10.231,10.186224679146196,-0.044775320853803535,9.747,9.758912917246338,0.01191291724633814,9.639,9.67145209474612,0.03245209474612132
K2-260,1.7550642134727537,0.1471815922059183,1.637,0.11806421347275364,7.774177180539603,0.059453466339478754,0.03197210461728235,0.65,-0.5905465336605212,0.3274762193501927,0.09330516168261223,0.334,-0.006523780649807298,0.9657680823802873,0.25101603681287654,680.9479295834487,43.1355096822296,0.38144835187853143,3,0.12714945062617714,True,`ftol` termination condition is satisfied.,"['BP_mag', 'G_mag', 'RP_mag', 'J_mag', 'H_mag', 'K_mag']",True,True,True,12.77951166264,12.78558203708331,0.006070374443311266,12.45642133538,12.455131534574083,-0.0012898008059174515,11.9667302146,11.963119884330808,-0.003610330269191664,11.4,11.393801595541637,-0.0061984044583631714,11.189,11.181808165327059,-0.007191834672941155,11.093,11.10169065480592,0.008690654805919351
K2-284,0.6379346781868787,0.007906006137252513,0.63,0.007934678186878652,8.645475188371723,0.44205386122571294,0.38028504001653096,0.12,0.32205386122571295,0.07144078271394656,0.06192778785802881,0.0,0.07144078271394656,1.3565845235519131e-28,0.07524441843125476,106.1124137079086,1.1051031004548957,6.534323700985338,3,2.178107900328446,True,`ftol` termination condition is satisfied.,"['BP_mag', 'G_mag', 'RP_mag', 'J_mag', 'H_mag', 'K_mag']",True,True,True,13.66844254547,13.624717938266805,-0.043724607203195376,12.8514587102,12.851088203971686,-0.0003705062283128058,11.9669583118,12.008739721974822,0.0417814101748224,10.868,10.901628622077721,0.033628622077721104,10.206,10.18394304957209,-0.022056950427909783,10.058,10.049470496607775,-0.008529503392225024
TOI-4364,0.4882082794871093,0.0037632508212111513,0.487,0.0012082794871093316,8.956294561980275,0.9042625855140783,0.5747394090502054,0.71,0.19426258551407838,0.2744449935010661,0.034762176140495246,0.148,0.1264449935010661,7.340226587516105e-13,0.07938832916519913,43.83365842182097,0.1897641620039157,10.154239762178644,3,3.3847465873928813,True,`ftol` termination condition is satisfied.,"['BP_mag', 'G_mag', 'RP_mag', 'J_mag', 'H_mag', 'K_mag']",True,True,True,13.79640650698,13.723718437159382,-0.07268806982061804,12.53425899548,12.530717923155988,-0.003541072324011907,11.41969010963,11.486718603220583,0.06702849359058227,9.952,9.964591215605399,0.012591215605398887,9.307,9.276919603721836,-0.030080396278163946,9.075,9.088383495873748,0.01338349587374843
TOI-199,0.9362341521233778,0.013339580717215508,0.936,0.00023415212337773994,8.876767801866453,0.7529528853476627,0.1754572986372963,0.8,-0.04704711465233735,0.2204123573651472,0.07940475787770107,0.22,0.00041235736514719235,3.288063703914541e-13,0.06709750377695241,101.89227556218307,1.016511452406119,7.0034242328402065,3,2.334474744280069,True,`ftol` termination condition is satisfied.,"['BP_mag', 'G_mag', 'RP_mag', 'J_mag', 'H_mag', 'K_mag']",True,True,True,11.0186877368,11.00616893997753,-0.012518796822471145,10.5783088617,10.58086882099389,0.0025599592938903015,9.9818825666,9.997608560650535,0.015725994050535874,9.329,9.333847117467156,0.004847117467155826,8.952,8.9020980703058,-0.049901929694199154,8.814,8.83975111747146,0.02575111747145975
TOI-201,1.3074348513035163,0.015656093092296815,1.316,-0.008565148696483726,8.946101651804707,0.8832866199962178,0.058099626777897234,0.87,0.01328661999621783,0.23694826951902256,0.09228703905882077,0.24,-0.003051730480977427,0.04922743071266544,0.06393465583036356,112.23560302137373,1.2402281624856175,1.801264728380278,3,0.6004215761267594,True,`ftol` termination condition is satisfied.,"['BP_mag', 'G_mag', 'RP_mag', 'J_mag', 'H_mag', 'K_mag']",True,True,True,9.203998075,9.204022316099843,2.4241099843891334e-05,8.949288794,8.948090183338971,-0.001198610661027999,8.532517026,8.53572990107353,0.0032128750735296308,8.103,8.121780510278313,0.0187805102783134,7.923,7.881723467736907,-0.041276532263093024,7.846,7.850352784031723,0.0043527840317230115
TOI-201,1.3074348513035163,0.015656093092296815,1.316,-0.008565148696483726,8.946101651804707,0.8832866199962178,0.058099626777897234,0.87,0.01328661999621783,0.23694826951902256,0.09228703905882077,0.24,-0.003051730480977427,0.04922743071266544,0.06393465583036356,112.23560302137373,1.2402281624856175,1.801264728380278,3,0.6004215761267594,True,`ftol` termination condition is satisfied.,"['BP_mag', 'G_mag', 'RP_mag', 'J_mag', 'H_mag', 'K_mag']",True,True,True,9.203998075,9.204022316099843,2.4241099843891334e-05,8.949288794,8.948090183338971,-0.001198610661027999,8.532517026,8.53572990107353,0.0032128750735296308,8.103,8.121780510278313,0.0187805102783134,7.923,7.881723467736907,-0.041276532263093024,7.846,7.850352784031723,0.0043527840317230115
TOI-712,0.7285853425896097,0.009586637125152288,0.732,-0.003414657410390265,8.684392844996287,0.4834959549277827,0.3201873750262903,0.83,-0.34650404507221727,-0.047856695864643084,0.08235671325867691,-0.02,-0.027856695864643084,0.06012012794868508,0.11923386078578546,58.703621714828714,0.33936397551272796,3.092725810476707,3,1.0309086034922357,True,`ftol` termination condition is satisfied.,"['BP_mag', 'G_mag', 'RP_mag', 'J_mag', 'H_mag', 'K_mag']",True,True,True,11.18264342344,11.148481010514871,-0.034162412925129004,10.5799506504,10.580968785378925,0.0010181349789242233,9.84556635,9.87900358535142,0.0334372353514194,8.984,8.99537347656114,0.01137347656113974,8.409,8.385531380749864,-0.02346861925013677,8.313,8.297526415551921,-0.015473584448079336
TOI-712,0.7285853425896097,0.009586637125152288,0.732,-0.003414657410390265,8.684392844996287,0.4834959549277827,0.3201873750262903,0.83,-0.34650404507221727,-0.047856695864643084,0.08235671325867691,-0.02,-0.027856695864643084,0.06012012794868508,0.11923386078578546,58.703621714828714,0.33936397551272796,3.092725810476707,3,1.0309086034922357,True,`ftol` termination condition is satisfied.,"['BP_mag', 'G_mag', 'RP_mag', 'J_mag', 'H_mag', 'K_mag']",True,True,True,11.18264342344,11.148481010514871,-0.034162412925129004,10.5799506504,10.580968785378925,0.0010181349789242233,9.84556635,9.87900358535142,0.0334372353514194,8.984,8.99537347656114,0.01137347656113974,8.409,8.385531380749864,-0.02346861925013677,8.313,8.297526415551921,-0.015473584448079336
TOI-712,0.7285853425896097,0.009586637125152288,0.732,-0.003414657410390265,8.684392844996287,0.4834959549277827,0.3201873750262903,0.83,-0.34650404507221727,-0.047856695864643084,0.08235671325867691,-0.02,-0.027856695864643084,0.06012012794868508,0.11923386078578546,58.703621714828714,0.33936397551272796,3.092725810476707,3,1.0309086034922357,True,`ftol` termination condition is satisfied.,"['BP_mag', 'G_mag', 'RP_mag', 'J_mag', 'H_mag', 'K_mag']",True,True,True,11.18264342344,11.148481010514871,-0.034162412925129004,10.5799506504,10.580968785378925,0.0010181349789242233,9.84556635,9.87900358535142,0.0334372353514194,8.984,8.99537347656114,0.01137347656113974,8.409,8.385531380749864,-0.02346861925013677,8.313,8.297526415551921,-0.015473584448079336
TIC 434398831,1.0249231519604902,0.019050556185767956,0.992,0.03292315196049023,7.828947606941009,0.06744466578980059,0.03977307914853005,0.061,0.006444665789800588,-0.07585835252923123,0.10308787860775388,-0.081,0.00514164747076877,0.4311775257991032,0.11325013876908284,215.29658953267193,4.555733592014989,3.050208633643102,3,1.0167362112143674,True,`ftol` termination condition is satisfied.,"['BP_mag', 'G_mag', 'RP_mag', 'J_mag', 'H_mag', 'K_mag']",True,True,True,12.13045892948,12.171033896192233,0.04057496671223326,11.7699072065,11.784250248533542,0.014343042033543085,11.23220721547,11.228278200151689,-0.003929015318311357,10.59,10.579548867690434,-0.010451132309565736,10.241,10.219415778793488,-0.0215842212065116,10.138,10.15800670491667,0.02000670491666945
TIC 434398831,1.0249231519604902,0.019050556185767956,0.992,0.03292315196049023,7.828947606941009,0.06744466578980059,0.03977307914853005,0.061,0.006444665789800588,-0.07585835252923123,0.10308787860775388,-0.081,0.00514164747076877,0.4311775257991032,0.11325013876908284,215.29658953267193,4.555733592014989,3.050208633643102,3,1.0167362112143674,True,`ftol` termination condition is satisfied.,"['BP_mag', 'G_mag', 'RP_mag', 'J_mag', 'H_mag', 'K_mag']",True,True,True,12.13045892948,12.171033896192233,0.04057496671223326,11.7699072065,11.784250248533542,0.014343042033543085,11.23220721547,11.228278200151689,-0.003929015318311357,10.59,10.579548867690434,-0.010451132309565736,10.241,10.219415778793488,-0.0215842212065116,10.138,10.15800670491667,0.02000670491666945
CoRoT-20,1.3275786120470965,0.08556803117829709,1.14,0.18757861204709658,7.986010464726879,0.09683011880920936,0.05824607113591392,0.1,-0.0031698811907906466,0.13742315236211752,0.10330173824572293,0.14,-0.00257684763788249,1.27942295043411,0.16907090943056316,896.3585823498042,77.30421583598546,0.7721744418124877,3,0.25739148060416256,True,`ftol` termination condition is satisfied.,"['BP_mag', 'G_mag', 'RP_mag', 'J_mag', 'H_mag', 'K_mag']",True,True,True,14.935815558079,14.947834939842084,0.012019381763083814,14.455447553334,14.453915716701959,-0.0015318366320418164,13.80840124911,13.807270794062786,-0.0011304550472139852,12.991,12.988465744863529,-0.0025342551364708754,12.652,12.638226194822145,-0.01377380517785376,12.513,12.53155409190644,0.01855409190643975
CoRoT-18,0.9496299868813122,0.03788371080867787,0.95,-0.0003700131186877842,9.639826391494518,4.363413706262319,0.08643707644645988,0.6,3.763413706262319,-0.1135097721390897,0.10256182228930075,-0.1,-0.013509772139089701,0.5924445631203662,0.12144812932218786,805.3994303527041,59.37179626023381,1.456731631458124,3,0.48557721048604136,True,`ftol` termination condition is satisfied.,"['BP_mag', 'G_mag', 'RP_mag', 'J_mag', 'H_mag', 'K_mag']",True,True,False,15.224383739251,15.212747342863565,-0.01163639638743419,14.786848037198,14.782690581192119,-0.004157456005881244,14.176569329627,14.18522162317326,0.008652293546260736,13.441,13.461235536707688,0.02023553670768763,13.081,13.069037311865118,-0.011962688134881105,13.014,12.996013515269567,-0.017986484730432295
NGTS-33,1.6702005098216126,0.10209977838829724,1.6,0.07020050982161252,7.863032565434419,0.07295122104461624,0.03399153753061556,0.03,0.04295122104461624,-0.11400009581972728,0.09380663824896839,-0.11,-0.004000095819727281,0.8566135656394411,0.18965197632340933,442.6798179679258,18.458914290954777,0.05588508568383753,3,0.01862836189461251,True,`ftol` termination condition is satisfied.,"['BP_mag', 'G_mag', 'RP_mag', 'J_mag', 'H_mag', 'K_mag']",True,True,True,11.6098907476,11.61271225457227,0.002821506972269461,11.3942083429,11.391826662118437,-0.0023816807815641994,11.0318435266,11.032896805184121,0.0010532785841217418,10.607,10.60838234109875,0.0013823410987505724,10.475,10.472379181275995,-0.0026208187240044367,10.408,10.408966647306109,0.0009666473061091807
HD 56414,1.8248076051199542,0.0460298385917959,1.89,-0.06519239488004569,8.627666961479084,0.4242940694503228,0.03461416511997331,0.42,0.0042940694503227905,-0.0032506662280414812,0.08908689612569273,0.0,-0.0032506662280414812,0.1492919650053811,0.11037265645647903,267.81207717579014,7.015722271945486,0.1987025879395889,3,0.06623419597986296,True,`ftol` termination condition is satisfied.,"['BP_mag', 'G_mag', 'RP_mag', 'J_mag', 'H_mag', 'K_mag']",True,True,True,9.2907953505,9.294184610539538,0.003389260039538655,9.21145893,9.208947322769552,-0.00251160723044741,9.050760075,9.052774297383966,0.002014222383966313,8.887,8.895587380037838,0.008587380037837988,8.854,8.840886459577362,-0.013113540422637016,8.823,8.822890755772413,-0.00010924422758762375
HATS-70,1.8399998404929794,0.08242748242812982,1.78,0.05999984049297935,8.90848501887865,0.8100000000000012,0.005903171342542325,0.81,1.1102230246251565e-15,-0.02231990665801845,0.08446728800213378,0.041,-0.06331990665801845,0.16832342891570007,0.07549445382375918,1400.9249485468551,136.66671344888488,4.312744933491786,3,1.4375816444972618,True,`ftol` termination condition is satisfied.,"['BP_mag', 'G_mag', 'RP_mag', 'J_mag', 'H_mag', 'K_mag']",True,True,True,12.6776006156,12.68743890072618,0.00983828512618068,12.57376532357,12.57307346512875,-0.0006918584412503037,12.38989527468,12.36796345943473,-0.02193181524527077,12.139,12.160892219035162,0.021892219035162697,12.106,12.080620832752444,-0.0253791672475554,12.04,12.058512816132257,0.01851281613225808
TOI-6448,0.9877790935537982,0.0349636738121633,1.03,-0.0422209064462018,7.532456942488215,0.034076653830935576,0.19112825414226894,0.034,7.665383093557326e-05,0.08188625605267047,0.10441643681177695,,nan,1.0570169866671129e-18,0.05622302181408661,378.50410532151875,10.148870833485267,1.9494250927415342,2,0.9747125463707671,True,`ftol` termination condition is satisfied.,"['BP_mag', 'G_mag', 'RP_mag', 'J_mag', 'H_mag', 'K_mag']",True,False,True,13.1150537229,13.118860481933849,0.003806759033848195,12.77077443828,12.77868772275136,0.007913284471360527,12.2578510859,12.27376843082589,0.0159173449258887,11.75,11.726555207315418,-0.02344479268458244,11.378,11.377984608998855,-1.5391001145559358e-05,11.315,11.33463632990509,0.019636329905090122
TOI-4562,1.2008300772356693,0.029779473014684563,1.192,0.008830077235669309,8.840415948995723,0.6924938949459374,0.07820367612892547,0.7,-0.007506105054062573,0.07537319996489207,0.10513777002191668,0.08,-0.004626800035107931,0.2978017694036125,0.08803233337879345,349.4339258609166,12.086325149750166,1.931729675153663,3,0.6439098917178877,True,`ftol` termination condition is satisfied.,"['BP_mag', 'G_mag', 'RP_mag', 'J_mag', 'H_mag', 'K_mag']",True,True,True,12.26263691687,12.25744242869508,-0.005194488174918632,11.94840761587,11.947824509539654,-0.0005831063303460837,11.4668341983,11.471425622495547,0.004591424195545812,10.931,10.950297482330447,0.01929748233044748,10.693,10.666634234189548,-0.02636576581045169,10.619,10.620748292343503,0.001748292343503266
HATS-55,1.1639378645382754,0.046570068548083286,1.1955,-0.031562135461724594,8.548351454942264,0.35346910068644954,0.09140352247558838,0.4,-0.04653089931355048,0.11240536435517563,0.10217608926548737,0.108,0.004405364355175634,0.1973832139048616,0.11350551265663113,614.6534828729673,36.42118413728776,0.33884686441270834,3,0.11294895480423611,True,`ftol` termination condition is satisfied.,"['BP_mag', 'G_mag', 'RP_mag', 'J_mag', 'H_mag', 'K_mag']",True,True,True,13.65928512586,13.65168316892827,-0.007601956931729603,13.33610750964,13.338279452133593,0.002171942493593093,12.853266690107,12.859094194103015,0.005827503996014727,12.338,12.342107288134144,0.004107288134145293,12.048,12.047259493355645,-0.000740506644355321,12.02,12.00334847447701,-0.016651525522989985
HD 63433,0.9807753853809521,0.010633172010934595,0.956,0.024775385380952142,9.081512071893972,1.2064576231063737,0.1380675022307335,0.414,0.7924576231063738,-0.08389839637911951,0.10005410856078867,-0.07,-0.013898396379119507,0.1489349962285474,0.08356641214467042,22.379608497552795,0.04954087922432867,4.159041188020148,3,1.3863470626733827,True,`ftol` termination condition is satisfied.,"['BP_mag', 'G_mag', 'RP_mag', 'J_mag', 'H_mag', 'K_mag']",True,True,True,7.07632337,7.076864468150538,0.0005410981505384882,6.7371816,6.736837745037236,-0.00034385496276456706,6.222819309,6.2280624699498635,0.005243160949863324,5.624,5.659778913094131,0.035778913094131504,5.359,5.314094263122893,-0.04490573687710686,5.258,5.268719323900686,0.010719323900685751
HD 63433,0.9807753853809521,0.010633172010934595,0.956,0.024775385380952142,9.081512071893972,1.2064576231063737,0.1380675022307335,0.414,0.7924576231063738,-0.08389839637911951,0.10005410856078867,-0.07,-0.013898396379119507,0.1489349962285474,0.08356641214467042,22.379608497552795,0.04954087922432867,4.159041188020148,3,1.3863470626733827,True,`ftol` termination condition is satisfied.,"['BP_mag', 'G_mag', 'RP_mag', 'J_mag', 'H_mag', 'K_mag']",True,True,True,7.07632337,7.076864468150538,0.0005410981505384882,6.7371816,6.736837745037236,-0.00034385496276456706,6.222819309,6.2280624699498635,0.005243160949863324,5.624,5.659778913094131,0.035778913094131504,5.359,5.314094263122893,-0.04490573687710686,5.258,5.268719323900686,0.010719323900685751
HD 63433,0.9807753853809521,0.010633172010934595,0.956,0.024775385380952142,9.081512071893972,1.2064576231063737,0.1380675022307335,0.414,0.7924576231063738,-0.08389839637911951,0.10005410856078867,-0.07,-0.013898396379119507,0.1489349962285474,0.08356641214467042,22.379608497552795,0.04954087922432867,4.159041188020148,3,1.3863470626733827,True,`ftol` termination condition is satisfied.,"['BP_mag', 'G_mag', 'RP_mag', 'J_mag', 'H_mag', 'K_mag']",True,True,True,7.07632337,7.076864468150538,0.0005410981505384882,6.7371816,6.736837745037236,-0.00034385496276456706,6.222819309,6.2280624699498635,0.005243160949863324,5.624,5.659778913094131,0.035778913094131504,5.359,5.314094263122893,-0.04490573687710686,5.258,5.268719323900686,0.010719323900685751
TOI-521,0.4226033114311007,0.003376945075795511,0.42,0.0026033114311007077,10.125194558535181,13.34118967040471,0.8108679993462066,0.8,12.541189670404709,0.1923039689534897,0.02748996135399714,-0.12,0.31230396895348966,1.3875056101405e-11,0.049477532127505795,60.934130312960065,0.3651688170037061,33.46251849899262,3,11.15417283299754,True,`ftol` termination condition is satisfied.,"['BP_mag', 'G_mag', 'RP_mag', 'J_mag', 'H_mag', 'K_mag']",True,True,True,14.878560632446,14.779490108996816,-0.09907052344918377,13.5684069148,13.563520267823117,-0.0048866469768835685,12.43610731297,12.508771040471805,0.07266372750180494,10.921,10.968722724016832,0.04772272401683253,10.357,10.298937140812285,-0.058062859187714366,10.089,10.101498613386237,0.012498613386236812
TOI-622,1.363262433998105,0.016020248193868433,1.313,0.05026243399810504,8.8887346513063,0.773988755505279,0.03715421406480671,0.9,-0.126011244494721,0.08503750614884456,0.10020206139418487,0.09,-0.004962493851155436,0.18840403348178683,0.08714989213989931,122.70409344188775,1.4883744397874807,0.5644956399803437,3,0.18816521332678124,True,`ftol` termination condition is satisfied.,"['BP_mag', 'G_mag', 'RP_mag', 'J_mag', 'H_mag', 'K_mag']",True,True,True,9.1297391274,9.131963076160385,0.0022239487603847863,8.898053421,8.896751171263439,-0.001302249736561123,8.5092357739,8.50858489671424,-0.0006508771857607343,8.108,8.109039618646397,0.0010396186463967894,7.928,7.897523489830244,-0.0304765101697555,7.858,7.865190271652332,0.007190271652332214
K2-105,1.0018926813477622,0.01827862373688797,0.94,0.06189268134776227,8.780164770814165,0.6027882398433123,0.14133152539610988,0.6,0.0027882398433123345,0.2265600000860405,0.09003256823388496,0.22,0.0065600000860404906,0.043270800712770764,0.07430647677627918,199.76758656980346,3.7331446216395348,0.7719649349693578,3,0.25732164498978594,True,`ftol` termination condition is satisfied.,"['BP_mag', 'G_mag', 'RP_mag', 'J_mag', 'H_mag', 'K_mag']",True,True,True,12.09917049652,12.09641228685597,-0.0027582096640301756,11.70558958052,11.705713857502491,0.00012427698249162233,11.1471028813,11.153366978790492,0.006264097490491949,10.541,10.540454954411201,-0.0005450455887991978,10.173,10.155077039328544,-0.017922960671455712,10.091,10.098786910100337,0.007786910100337607
KELT-17,1.6436977647920235,0.030478708932368693,1.635,0.008697764792023444,8.812183418971168,0.648908434236982,0.012367048632415762,0.65,-0.0010915657630180542,-0.031511106444025105,0.08573451134840619,-0.018,-0.013511106444025107,0.14286820456020244,0.11261839993880013,228.01555863910113,5.101344400569601,1.0555085876404444,3,0.35183619588014814,True,`ftol` termination condition is satisfied.,"['BP_mag', 'G_mag', 'RP_mag', 'J_mag', 'H_mag', 'K_mag']",True,True,True,9.34297201,9.341658590774827,-0.0013134192251733623,9.2162699123,9.214276912553828,-0.00199299974617162,8.979261546,8.985404377607418,0.006142831607418131,8.745,8.760939819584179,0.01593981958417956,8.697,8.664615887877526,-0.032384112122473496,8.646,8.644196651652557,-0.0018033483474440004
K2-95,0.42715069893223445,0.006994800852247576,0.41,0.017150698932234476,9.576265918436766,3.7693452528503184,0.977046121418091,0.79,2.9793452528503184,0.25700413806256023,0.029487575331783828,0.1,0.15700413806256022,1.2663025964528337e-18,0.04851602868482957,178.80182643598647,3.0896707187958437,14.153613468332068,3,4.717871156110689,True,`ftol` termination condition is satisfied.,"['BP_mag', 'G_mag', 'RP_mag', 'J_mag', 'H_mag', 'K_mag']",True,True,True,17.4544182346892,17.35520451166414,-0.09921372302505915,16.060841081076,16.051742550457966,-0.009098530618032896,14.900677668773,14.966836445493577,0.06615877672057735,13.312,13.34819252956195,0.0361925295619514,12.738,12.681326932752336,-0.05667306724766341,12.474,12.48322941165847,0.009229411658470354
K2-100,1.222156111301215,0.01958124630724112,1.15,0.07215611130121502,8.87369411834069,0.7476427363808381,0.10264051705479559,0.75,-0.0023572636191618868,0.2077732433912643,0.10266784711329388,0.22,-0.012226756608735706,0.09455788905212904,0.07183634472444557,183.0733785096523,3.2818796879178223,1.8235461397276835,3,0.6078487132425612,True,`ftol` termination condition is satisfied.,"['BP_mag', 'G_mag', 'RP_mag', 'J_mag', 'H_mag', 'K_mag']",True,True,True,10.6986922546,10.697082117572561,-0.0016101370274377302,10.4101971924,10.40848937758337,-0.001707814816629849,9.9592785285,9.95801209183155,-0.001266436668450055,9.463,9.489877644890875,0.02687764489087563,9.242,9.216934336732576,-0.025065663267424654,9.182,9.179334928921364,-0.0026650710786366716
K2-104,0.5191060326529602,0.007953725149643423,0.51,0.009106032652960172,8.21025923785115,0.16227784727111877,0.30514837358842223,0.79,-0.6277221527288812,0.27418544340192624,0.0406678390039977,0.18,0.09418544340192625,6.362964814149723e-17,0.07236648628755683,185.77494595620595,3.3496240796362975,10.485554713060733,3,3.4951849043535774,True,`ftol` termination condition is satisfied.,"['BP_mag', 'G_mag', 'RP_mag', 'J_mag', 'H_mag', 'K_mag']",True,True,True,16.5594122221054,16.462445221440117,-0.09696700066528408,15.371005575489,15.361855103681583,-0.009150471807418015,14.293821864384,14.352798428723487,0.058976564339486615,12.878,12.912699700029373,0.03469970002937295,12.252,12.210155673502062,-0.04184432649793912,12.014,12.028677327543576,0.014677327543576979
HD 73583,0.7446492521219917,0.008718640657050036,0.73,0.014649252121991752,7.97112683569676,0.09356788992560511,0.06453962038522723,0.48,-0.3864321100743949,0.0145221995737569,0.09432970246606055,0.0,0.0145221995737569,0.1542449234684869,0.1456864982941424,31.5905259398444,0.09862927858303842,2.8929193316969135,3,0.9643064438989711,True,`ftol` termination condition is satisfied.,"['BP_mag', 'G_mag', 'RP_mag', 'J_mag', 'H_mag', 'K_mag']",True,True,True,9.8857368482,9.864620409577455,-0.02111643862254553,9.277451706,9.277956745338745,0.0005050393387442398,8.535643475,8.561530270618169,0.025886795618168534,7.649,7.650987656564566,0.0019876565645660094,7.092,7.038630628083096,-0.053369371916903496,6.948,6.944351820321964,-0.003648179678036101
HD 73583,0.7446492521219917,0.008718640657050036,0.73,0.014649252121991752,7.97112683569676,0.09356788992560511,0.06453962038522723,0.48,-0.3864321100743949,0.0145221995737569,0.09432970246606055,0.0,0.0145221995737569,0.1542449234684869,0.1456864982941424,31.5905259398444,0.09862927858303842,2.8929193316969135,3,0.9643064438989711,True,`ftol` termination condition is satisfied.,"['BP_mag', 'G_mag', 'RP_mag', 'J_mag', 'H_mag', 'K_mag']",True,True,True,9.8857368482,9.864620409577455,-0.02111643862254553,9.277451706,9.277956745338745,0.0005050393387442398,8.535643475,8.561530270618169,0.025886795618168534,7.649,7.650987656564566,0.0019876565645660094,7.092,7.038630628083096,-0.053369371916903496,6.948,6.944351820321964,-0.003648179678036101
K2-102,0.7780383483840602,0.014986190681256156,0.77,0.008038348384060146,9.293795954557611,1.966961930931175,0.4051571465101229,0.79,1.176961930931175,0.09655707997796285,0.08225920815089939,0.14,-0.04344292002203716,0.05022120809811837,0.11285053833025538,186.8857356108635,3.2108072662340614,2.8715768703638154,3,0.9571922901212718,True,`ftol` termination condition is satisfied.,"['BP_mag', 'G_mag', 'RP_mag', 'J_mag', 'H_mag', 'K_mag']",True,True,True,13.417440125583,13.384389032117696,-0.03305109346530344,12.83693734493,12.836542076299459,-0.000395268630541068,12.1178354797,12.150089384459454,0.03225390475945389,11.282,11.30026307661386,0.018263076613859397,10.739,10.721359718991579,-0.017640281008421965,10.64,10.63615852337217,-0.003841476627830076
K2-101,0.8087902409734726,0.016216138687376713,0.82,-0.011209759026527322,8.66955018866293,0.467250945284634,0.26902393244081224,0.79,-0.322749054715366,0.04194000860354336,0.09453425564772058,0.07,-0.028059991396456645,0.14931557313046862,0.13083710761177725,186.63477857970574,3.275114606758829,5.7708242504394,3,1.9236080834798,True,`ftol` termination condition is satisfied.,"['BP_mag', 'G_mag', 'RP_mag', 'J_mag', 'H_mag', 'K_mag']",True,True,True,13.18698858765,13.16890092252955,-0.018087665120448904,12.64893620472,12.651633424963574,0.0026972202435739945,11.96532937869,11.988306862703318,0.02297748401331745,11.162,11.170804235378766,0.008804235378764957,10.678,10.63486528756626,-0.043134712433740674,10.536,10.553460560372,0.017460560372001055
EPIC 211822797,0.6223792142619984,0.008565876242754084,0.62,0.002379214261998386,9.19218690154841,1.5566353959779848,0.4771456073387188,0.79,0.7666353959779848,0.25878280143889343,0.03954403509533412,0.2,0.05878280143889342,2.0398683221874103e-20,0.04540893147496206,185.55364601491064,3.3152139922426986,5.477645695913356,3,1.8258818986377854,True,`ftol` termination condition is satisfied.,"['BP_mag', 'G_mag', 'RP_mag', 'J_mag', 'H_mag', 'K_mag']",True,True,True,15.479957187397,15.432712301877743,-0.047244885519257096,14.507647351738,14.50717417415185,-0.00047317758614973116,13.531447607014,13.57915565992847,0.047708052914469334,12.277,12.305083535484409,0.02808353548440934,11.605,11.57658635593567,-0.028413644064331223,11.429,11.419516738308888,-0.009483261691112688
NGTS-9,1.3528661350124949,0.04963717050642817,1.34,0.012866135012494784,8.868755289045053,0.7391886486920791,0.05000199643069961,0.96,-0.22081135130792084,0.299383806103294,0.09963753380618577,0.31,-0.010616193896705983,0.21444989318658114,0.10138979122735861,607.4511584419381,35.71850354091087,0.9168035123437857,3,0.30560117078126187,True,`ftol` termination condition is satisfied.,"['BP_mag', 'G_mag', 'RP_mag', 'J_mag', 'H_mag', 'K_mag']",True,True,True,12.9284951825,12.930816117357088,0.0023209348570869537,12.6440553558,12.64429525194544,0.00023989614543928894,12.20505752737,12.197421909731538,-0.007635617638461767,11.712,11.73407673259827,0.022076732598270254,11.488,11.48659897034824,-0.0014010296517596998,11.452,11.44362244192319,-0.008377558076810843
TOI-1994,1.8023885292621276,0.0416102588537663,1.86,-0.05761147073787254,8.9731278535997,0.9400000000000012,0.00674708702923426,0.94,1.2212453270876722e-15,-0.05057600586271516,0.09412631466625583,-0.01,-0.04057600586271516,0.22717325168940677,0.08963733555295439,506.8897924061789,24.769105588887765,2.4034955725606086,3,0.8011651908535362,True,`ftol` termination condition is satisfied.,"['BP_mag', 'G_mag', 'RP_mag', 'J_mag', 'H_mag', 'K_mag']",True,True,True,10.5655428094,10.572722194346488,0.007179384946487843,10.4308822963,10.430712377963818,-0.00016991833618185126,10.1889535466,10.181070004389861,-0.007883542210139538,9.915,9.923856920256968,0.008856920256969048,9.843,9.819930012472511,-0.023069987527488678,9.775,9.792627098115643,0.01762709811564278
MASCARA-4,1.7042498009795608,0.01770294353035138,1.75,-0.0457501990204392,8.903649512139806,0.8010313476396057,0.009366326161507853,0.8,0.001031347639605662,-0.05088603089486163,0.05592723803325923,0.0,-0.05088603089486163,8.678444350989558e-15,0.0547851923476029,168.41712041773607,2.8121241295441686,1.1868461992603563,3,0.3956153997534521,True,`ftol` termination condition is satisfied.,"['BP_mag', 'G_mag', 'RP_mag', 'J_mag', 'H_mag', 'K_mag']",True,True,True,8.264238146,8.278144749556887,0.013906603556886665,8.18556268,8.182217716329824,-0.0033449636701767815,8.0149609646,8.004322270505764,-0.010638694094236456,7.837,7.841164488342454,0.004164488342453865,7.785,7.766302430995061,-0.018697569004939574,7.75,7.755171773608822,0.00517177360882215
TOI-1775,0.912342491037286,0.01424187980731574,0.9218,-0.009457508962713912,8.96188225433442,0.9159721186300084,0.1909568242864194,0.8,0.11597211863000834,0.12470447620932841,0.07735298366398341,0.162,-0.037295523790671595,0.019340131748490582,0.07479041329793652,150.2342927620253,2.1476839595610433,2.9385826829930792,3,0.9795275609976931,True,`ftol` termination condition is satisfied.,"['BP_mag', 'G_mag', 'RP_mag', 'J_mag', 'H_mag', 'K_mag']",True,True,True,11.87498887498,11.864581060356619,-0.010407814623381029,11.4507349408,11.448193492927043,-0.002541447872957292,10.8630486018,10.871608412100345,0.008559810300345916,10.19,10.212307464091072,0.02230746409107276,9.802,9.783421898169845,-0.018578101830154736,9.722,9.723719924609538,0.0017199246095387366
TOI-5126,1.2539622486667146,0.018097618966275503,1.24,0.013962248666714583,8.901701570708845,0.797446526524959,0.063597950007468,0.8,-0.0025534734750410903,0.1577820651763401,0.10694040560213575,0.18,-0.022217934823659885,0.11329674571336223,0.07522017862839636,161.16902588550897,2.572622896842334,5.236834474713646,3,1.7456114915712153,True,`ftol` termination condition is satisfied.,"['BP_mag', 'G_mag', 'RP_mag', 'J_mag', 'H_mag', 'K_mag']",True,True,True,10.2224941708,10.214623898863138,-0.007870271936861073,9.9458300974,9.945214100491308,-0.0006159969086922956,9.519122108,9.515459634571378,-0.003662473428621027,9.043,9.070358934451914,0.027358934451914507,8.845,8.815205918932369,-0.029794081067631595,8.777,8.780745657377686,0.0037456573776868396
TOI-5126,1.2539622486667146,0.018097618966275503,1.24,0.013962248666714583,8.901701570708845,0.797446526524959,0.063597950007468,0.8,-0.0025534734750410903,0.1577820651763401,0.10694040560213575,0.18,-0.022217934823659885,0.11329674571336223,0.07522017862839636,161.16902588550897,2.572622896842334,5.236834474713646,3,1.7456114915712153,True,`ftol` termination condition is satisfied.,"['BP_mag', 'G_mag', 'RP_mag', 'J_mag', 'H_mag', 'K_mag']",True,True,True,10.2224941708,10.214623898863138,-0.007870271936861073,9.9458300974,9.945214100491308,-0.0006159969086922956,9.519122108,9.515459634571378,-0.003662473428621027,9.043,9.070358934451914,0.027358934451914507,8.845,8.815205918932369,-0.029794081067631595,8.777,8.780745657377686,0.0037456573776868396
TOI-815,0.8365268262270701,0.009594853488362969,0.776,0.06052682622707006,7.828891030361063,0.06743588018429593,0.03675881950475665,0.2,-0.1325641198157041,-0.10360332292572513,0.09807893036543636,-0.09,-0.013603322925725136,0.3227020836526425,0.11835773616603351,59.45232069655811,0.34871186275864385,0.652922347709902,3,0.21764078256996733,True,`ftol` termination condition is satisfied.,"['BP_mag', 'G_mag', 'RP_mag', 'J_mag', 'H_mag', 'K_mag']",True,True,True,10.4274729932,10.42060085781154,-0.006872135388460876,9.944691187,9.944555102440479,-0.000136084559521521,9.302414419,9.311582525098665,0.009168106098664808,8.531,8.536207927641666,0.005207927641665222,8.066,8.061351681712805,-0.004648318287195252,7.999,7.9849958033254325,-0.014004196674567204
TOI-815,0.8365268262270701,0.009594853488362969,0.776,0.06052682622707006,7.828891030361063,0.06743588018429593,0.03675881950475665,0.2,-0.1325641198157041,-0.10360332292572513,0.09807893036543636,-0.09,-0.013603322925725136,0.3227020836526425,0.11835773616603351,59.45232069655811,0.34871186275864385,0.652922347709902,3,0.21764078256996733,True,`ftol` termination condition is satisfied.,"['BP_mag', 'G_mag', 'RP_mag', 'J_mag', 'H_mag', 'K_mag']",True,True,True,10.4274729932,10.42060085781154,-0.006872135388460876,9.944691187,9.944555102440479,-0.000136084559521521,9.302414419,9.311582525098665,0.009168106098664808,8.531,8.536207927641666,0.005207927641665222,8.066,8.061351681712805,-0.004648318287195252,7.999,7.9849958033254325,-0.014004196674567204
TOI-837,1.121803666514044,0.01927852251864048,1.142,-0.020196333485955842,7.516454442453853,0.03284387892253477,0.00831830586043067,0.035,-0.0021561210774652326,0.029243459861015914,0.1014353341272374,0.01,0.019243459861015916,0.1758256914192251,0.09189234307534437,142.52678434114182,2.00932075339,11.201482395053514,3,3.733827465017838,True,`ftol` termination condition is satisfied.,"['BP_mag', 'G_mag', 'RP_mag', 'J_mag', 'H_mag', 'K_mag']",True,True,True,10.6799584323,10.686129057582553,0.006170625282553743,10.3597785074,10.365885960362053,0.006107452962053728,9.8775837187,9.878346321330186,0.0007626026301856825,9.392,9.346763919127412,-0.04523608087258779,9.108,9.035655877215861,-0.07234412278413949,8.933,8.99216175143457,0.05916175143457103
TOI-5398,1.128270742598986,0.015849343245337863,1.146,-0.017729257401013943,8.775290384226832,0.5960605569057523,0.09961884523684154,0.65,-0.0539394430942477,0.08135034513049048,0.09433830013354694,0.09,-0.008649654869509513,0.0754081964126042,0.06818199351225607,131.38733638267666,1.6936366417123276,1.5027938175333053,3,0.5009312725111018,True,`ftol` termination condition is satisfied.,"['BP_mag', 'G_mag', 'RP_mag', 'J_mag', 'H_mag', 'K_mag']",True,True,True,10.2853531893,10.281647912288134,-0.0037052770118659595,9.9874598227,9.98681261582498,-0.0006472068750191795,9.5271868757,9.527728731675051,0.0005418559750509644,9.026,9.042564038250694,0.01656403825069397,8.772,8.750778054276317,-0.021221945723683078,8.713,8.714126643848607,0.0011266438486075003
TOI-5398,1.128270742598986,0.015849343245337863,1.146,-0.017729257401013943,8.775290384226832,0.5960605569057523,0.09961884523684154,0.65,-0.0539394430942477,0.08135034513049048,0.09433830013354694,0.09,-0.008649654869509513,0.0754081964126042,0.06818199351225607,131.38733638267666,1.6936366417123276,1.5027938175333053,3,0.5009312725111018,True,`ftol` termination condition is satisfied.,"['BP_mag', 'G_mag', 'RP_mag', 'J_mag', 'H_mag', 'K_mag']",True,True,True,10.2853531893,10.281647912288134,-0.0037052770118659595,9.9874598227,9.98681261582498,-0.0006472068750191795,9.5271868757,9.527728731675051,0.0005418559750509644,9.026,9.042564038250694,0.01656403825069397,8.772,8.750778054276317,-0.021221945723683078,8.713,8.714126643848607,0.0011266438486075003
LP 791-18,0.1446391412812804,0.001367958939679102,0.139,0.005639141281280374,9.836160694078854,6.857419121091475,4.4783712671944045,0.5,6.357419121091475,0.1364676381488234,0.028021862678928117,-0.09,0.2264676381488234,0.10908843437958156,0.1352192471714568,26.649376962917824,0.07024414628684258,23.377452506858738,3,7.792484168952913,True,`ftol` termination condition is satisfied.,"['BP_mag', 'G_mag', 'RP_mag', 'J_mag', 'H_mag', 'K_mag']",True,True,True,17.217227093708,17.12168208235652,-0.0955450113514793,15.03298467696,15.01782383673204,-0.015160840227959937,13.684990113254,13.757322498630716,0.07233238537671483,11.559,11.5776767766263,0.018676776626300295,10.993,10.927503857660843,-0.0654961423391569,10.644,10.689685151655503,0.04568515165550302
LP 791-18,0.1446391412812804,0.001367958939679102,0.139,0.005639141281280374,9.836160694078854,6.857419121091475,4.4783712671944045,0.5,6.357419121091475,0.1364676381488234,0.028021862678928117,-0.09,0.2264676381488234,0.10908843437958156,0.1352192471714568,26.649376962917824,0.07024414628684258,23.377452506858738,3,7.792484168952913,True,`ftol` termination condition is satisfied.,"['BP_mag', 'G_mag', 'RP_mag', 'J_mag', 'H_mag', 'K_mag']",True,True,True,17.217227093708,17.12168208235652,-0.0955450113514793,15.03298467696,15.01782383673204,-0.015160840227959937,13.684990113254,13.757322498630716,0.07233238537671483,11.559,11.5776767766263,0.018676776626300295,10.993,10.927503857660843,-0.0654961423391569,10.644,10.689685151655503,0.04568515165550302
LP 791-18,0.1446391412812804,0.001367958939679102,0.139,0.005639141281280374,9.836160694078854,6.857419121091475,4.4783712671944045,0.5,6.357419121091475,0.1364676381488234,0.028021862678928117,-0.09,0.2264676381488234,0.10908843437958156,0.1352192471714568,26.649376962917824,0.07024414628684258,23.377452506858738,3,7.792484168952913,True,`ftol` termination condition is satisfied.,"['BP_mag', 'G_mag', 'RP_mag', 'J_mag', 'H_mag', 'K_mag']",True,True,True,17.217227093708,17.12168208235652,-0.0955450113514793,15.03298467696,15.01782383673204,-0.015160840227959937,13.684990113254,13.757322498630716,0.07233238537671483,11.559,11.5776767766263,0.018676776626300295,10.993,10.927503857660843,-0.0654961423391569,10.644,10.689685151655503,0.04568515165550302
TOI-3071,1.347464861090692,0.039627008254564895,1.29,0.05746486109069204,8.983888469769159,0.9635815365472551,0.0386073205315058,0.95,0.013581536547255135,0.34214546035297494,0.09400179202671462,0.35,-0.007854539647025038,0.25309151799537005,0.08299617339746972,498.2620133775164,24.346730732735672,0.2656789341411352,3,0.08855964471371174,True,`ftol` termination condition is satisfied.,"['BP_mag', 'G_mag', 'RP_mag', 'J_mag', 'H_mag', 'K_mag']",True,True,True,12.5695972485,12.571465448590583,0.0018682000905840823,12.26700506009,12.268093944800242,0.001088884710242155,11.80723701684,11.802816805644259,-0.00442021119574143,11.314,11.315641171132874,0.0016411711328743195,11.066,11.058675731683127,-0.0073242683168732725,11.005,11.011119338715135,0.006119338715134148
TOI-1801,0.5455921254735564,0.005472109646139438,0.556,-0.01040787452644365,9.961706080206131,9.15600624470592,0.6187928376780086,0.7,8.45600624470592,-0.006429830569269036,0.09709798790898698,-0.19,0.18357016943073096,0.08735482518885003,0.12766520560542513,30.882853078682444,0.09422161640941167,15.999277359677377,3,5.333092453225793,True,`ftol` termination condition is satisfied.,"['BP_mag', 'G_mag', 'RP_mag', 'J_mag', 'H_mag', 'K_mag']",True,True,True,11.80127607531,11.71865122684791,-0.08262484846208906,10.8296337459,10.827366416448996,-0.00226732945100494,9.856868451,9.91821704894474,0.06134859794473968,8.649,8.689077508721146,0.040077508721147126,8.002,7.974554806335277,-0.027445193664723533,7.805,7.803612902670345,-0.0013870973296548073
HATS-67,1.3648258075249708,0.07445862076973546,1.435,-0.0701741924750292,8.728588610918656,0.5352893599558325,0.06325850704232504,0.51,0.02528935995583248,0.31488772866146336,0.09082707300433096,0.332,-0.017112271338536655,0.25493824796183584,0.11830211732925747,908.1119101901245,79.00403013131071,2.2389504345991544,3,0.7463168115330515,True,`ftol` termination condition is satisfied.,"['BP_mag', 'G_mag', 'RP_mag', 'J_mag', 'H_mag', 'K_mag']",True,True,True,13.8323358812,13.842481930296342,0.01014604909634187,13.54800287098,13.548713167334927,0.0007102963549279195,13.106833894341,13.093896379811952,-0.012937514529047789,12.638,12.619208687616911,-0.01879131238308851,12.346,12.370370749757635,0.02437074975763487,12.327,12.324615680341411,-0.0023843196585886517
K2-225,1.501592301808816,0.022476331846460418,1.482,0.019592301808815993,7.081713373862157,0.01207016963825702,6.678329042547577e-05,0.0121,-2.983036174297911e-05,0.47660317645076455,0.06528944867678302,0.486,-0.009396823549235434,0.03928184400585206,0.05859682313012008,364.5680483564268,10.516667400880817,1.6592329512133759,3,0.5530776504044587,True,`ftol` termination condition is satisfied.,"['BP_mag', 'G_mag', 'RP_mag', 'J_mag', 'H_mag', 'K_mag']",True,True,True,11.90102677056,11.907077161713746,0.006050391153745949,11.5169107271,11.515217075059747,-0.0016936520402541788,10.97234400644,10.964778451985437,-0.007565554454563639,10.362,10.377197445471705,0.01519744547170454,10.046,10.027716519059311,-0.018283480940688435,9.954,9.965302529718121,0.011302529718120624
TOI-1227,0.16760351004389443,0.0036912373745198418,0.17,-0.0023964899561055852,7.024540502168643,0.010581335926054456,0.00010532120435068425,0.011,-0.0004186640739455433,0.11372352694401631,0.02209489488821875,,nan,8.59038423240554e-18,0.0597426558464489,100.90380368204865,1.029702338099504,8.115349835941386,2,4.057674917970693,True,`ftol` termination condition is satisfied.,"['BP_mag', 'G_mag', 'RP_mag', 'J_mag', 'H_mag', 'K_mag']",True,False,True,17.195250836752,17.113750931313625,-0.08149990543837404,15.217958744853,15.213975098013446,-0.003983646839554211,13.905053133796,13.98557246333352,0.08051932953751972,11.89,11.8931903027351,0.0031903027350992375,11.312,11.278683280581836,-0.03331671941816339,11.034,11.049586470995424,0.015586470995422985
HATS-58 A,1.8291364203392175,0.0045270687301563976,1.461,0.36813642033921745,8.491361693834273,0.3100000000000003,4.949556047329023e-11,0.31,2.7755575615628914e-16,0.49999990484540724,1.2011353677779025e-08,,nan,0.8052787496359443,0.00029697368715350783,532.3022928886926,1.988620268619089,130.31144857069305,2,65.15572428534652,True,`xtol` termination condition is satisfied.,"['BP_mag', 'G_mag', 'RP_mag', 'J_mag', 'H_mag', 'K_mag']",True,False,True,11.710486954,11.935952162613935,0.22546520861393482,11.7921450458,11.613881662057297,-0.17826338374270279,11.02933241113,11.132165661035877,0.10283324990587772,10.584,10.597478996519325,0.013478996519324937,10.358,10.391557920687587,0.03355792068758667,10.289,10.316684072007275,0.027684072007275518
HD 109833,1.0535009765793044,0.014230412928114203,1.08,-0.026499023420695655,7.431363764158987,0.026999999999999975,0.0016726827518020902,0.027,-2.42861286636753e-17,-0.11624760360607055,0.05295873270473218,-0.07,-0.04624760360607054,0.1568241028668488,0.047659944882689105,79.62271206232434,0.5938257453647547,1.6529087860634453,3,0.5509695953544818,True,`xtol` termination condition is satisfied.,"['BP_mag', 'G_mag', 'RP_mag', 'J_mag', 'H_mag', 'K_mag']",True,True,True,9.450980969,9.44683262806295,-0.004148340937049966,9.144800664,9.143903803202608,-0.0008968607973915965,8.667589658,8.67314838969108,0.005558731691079899,8.144,8.158693505766568,0.014693505766567583,7.89,7.853458793252904,-0.0365412067470956,7.82,7.8147379703697295,-0.005262029630270781
HD 109833,1.0535009765793044,0.014230412928114203,1.08,-0.026499023420695655,7.431363764158987,0.026999999999999975,0.0016726827518020902,0.027,-2.42861286636753e-17,-0.11624760360607055,0.05295873270473218,-0.07,-0.04624760360607054,0.1568241028668488,0.047659944882689105,79.62271206232434,0.5938257453647547,1.6529087860634453,3,0.5509695953544818,True,`xtol` termination condition is satisfied.,"['BP_mag', 'G_mag', 'RP_mag', 'J_mag', 'H_mag', 'K_mag']",True,True,True,9.450980969,9.44683262806295,-0.004148340937049966,9.144800664,9.143903803202608,-0.0008968607973915965,8.667589658,8.67314838969108,0.005558731691079899,8.144,8.158693505766568,0.014693505766567583,7.89,7.853458793252904,-0.0365412067470956,7.82,7.8147379703697295,-0.005262029630270781
TOI-1136,1.034793762866456,0.012428728859082422,1.022,0.01279376286645606,8.870684989234078,0.7424803924787621,0.1288843330340337,0.7,0.04248039247876212,0.03465596225144743,0.07299963541790316,0.07,-0.035344037748552576,1.9186479537046913e-15,0.045810592166215684,84.68647219325295,0.7025084709834619,3.592301792135265,3,1.197433930711755,True,`ftol` termination condition is satisfied.,"['BP_mag', 'G_mag', 'RP_mag', 'J_mag', 'H_mag', 'K_mag']",True,True,True,9.6977332554,9.685207428322576,-0.012525827077423557,9.375504354,9.37398094464044,-0.0015234093595601905,8.8834921051,8.897588577048804,0.014096471948803924,8.363,8.388892877170708,0.025892877170708317,8.088,8.066616980134933,-0.02138301986506619,8.034,8.02959188460372,-0.004408115396280721
TOI-1136,1.034793762866456,0.012428728859082422,1.022,0.01279376286645606,8.870684989234078,0.7424803924787621,0.1288843330340337,0.7,0.04248039247876212,0.03465596225144743,0.07299963541790316,0.07,-0.035344037748552576,1.9186479537046913e-15,0.045810592166215684,84.68647219325295,0.7025084709834619,3.592301792135265,3,1.197433930711755,True,`ftol` termination condition is satisfied.,"['BP_mag', 'G_mag', 'RP_mag', 'J_mag', 'H_mag', 'K_mag']",True,True,True,9.6977332554,9.685207428322576,-0.012525827077423557,9.375504354,9.37398094464044,-0.0015234093595601905,8.8834921051,8.897588577048804,0.014096471948803924,8.363,8.388892877170708,0.025892877170708317,8.088,8.066616980134933,-0.02138301986506619,8.034,8.02959188460372,-0.004408115396280721
TOI-1136,1.034793762866456,0.012428728859082422,1.022,0.01279376286645606,8.870684989234078,0.7424803924787621,0.1288843330340337,0.7,0.04248039247876212,0.03465596225144743,0.07299963541790316,0.07,-0.035344037748552576,1.9186479537046913e-15,0.045810592166215684,84.68647219325295,0.7025084709834619,3.592301792135265,3,1.197433930711755,True,`ftol` termination condition is satisfied.,"['BP_mag', 'G_mag', 'RP_mag', 'J_mag', 'H_mag', 'K_mag']",True,True,True,9.6977332554,9.685207428322576,-0.012525827077423557,9.375504354,9.37398094464044,-0.0015234093595601905,8.8834921051,8.897588577048804,0.014096471948803924,8.363,8.388892877170708,0.025892877170708317,8.088,8.066616980134933,-0.02138301986506619,8.034,8.02959188460372,-0.004408115396280721
TOI-1136,1.034793762866456,0.012428728859082422,1.022,0.01279376286645606,8.870684989234078,0.7424803924787621,0.1288843330340337,0.7,0.04248039247876212,0.03465596225144743,0.07299963541790316,0.07,-0.035344037748552576,1.9186479537046913e-15,0.045810592166215684,84.68647219325295,0.7025084709834619,3.592301792135265,3,1.197433930711755,True,`ftol` termination condition is satisfied.,"['BP_mag', 'G_mag', 'RP_mag', 'J_mag', 'H_mag', 'K_mag']",True,True,True,9.6977332554,9.685207428322576,-0.012525827077423557,9.375504354,9.37398094464044,-0.0015234093595601905,8.8834921051,8.897588577048804,0.014096471948803924,8.363,8.388892877170708,0.025892877170708317,8.088,8.066616980134933,-0.02138301986506619,8.034,8.02959188460372,-0.004408115396280721
TOI-1136,1.034793762866456,0.012428728859082422,1.022,0.01279376286645606,8.870684989234078,0.7424803924787621,0.1288843330340337,0.7,0.04248039247876212,0.03465596225144743,0.07299963541790316,0.07,-0.035344037748552576,1.9186479537046913e-15,0.045810592166215684,84.68647219325295,0.7025084709834619,3.592301792135265,3,1.197433930711755,True,`ftol` termination condition is satisfied.,"['BP_mag', 'G_mag', 'RP_mag', 'J_mag', 'H_mag', 'K_mag']",True,True,True,9.6977332554,9.685207428322576,-0.012525827077423557,9.375504354,9.37398094464044,-0.0015234093595601905,8.8834921051,8.897588577048804,0.014096471948803924,8.363,8.388892877170708,0.025892877170708317,8.088,8.066616980134933,-0.02138301986506619,8.034,8.02959188460372,-0.004408115396280721
TOI-1136,1.034793762866456,0.012428728859082422,1.022,0.01279376286645606,8.870684989234078,0.7424803924787621,0.1288843330340337,0.7,0.04248039247876212,0.03465596225144743,0.07299963541790316,0.07,-0.035344037748552576,1.9186479537046913e-15,0.045810592166215684,84.68647219325295,0.7025084709834619,3.592301792135265,3,1.197433930711755,True,`ftol` termination condition is satisfied.,"['BP_mag', 'G_mag', 'RP_mag', 'J_mag', 'H_mag', 'K_mag']",True,True,True,9.6977332554,9.685207428322576,-0.012525827077423557,9.375504354,9.37398094464044,-0.0015234093595601905,8.8834921051,8.897588577048804,0.014096471948803924,8.363,8.388892877170708,0.025892877170708317,8.088,8.066616980134933,-0.02138301986506619,8.034,8.02959188460372,-0.004408115396280721
HD 110082,1.2158099686107817,0.016966704001362784,1.21,0.005809968610781757,8.365664622793178,0.23209437911356404,0.0748283296167031,0.25,-0.017905620886435963,0.07762752524139971,0.08882010524253521,0.08,-0.002372474758600293,0.053050722306787146,0.06661221666589356,105.14067627096195,1.0891056267910253,0.13443593957685884,3,0.044811979858952945,True,`ftol` termination condition is satisfied.,"['BP_mag', 'G_mag', 'RP_mag', 'J_mag', 'H_mag', 'K_mag']",True,True,True,9.376331957,9.378627145572118,0.0022951885721180787,9.122132726,9.121505248526573,-0.0006274774734276178,8.7063521004,8.705194947818796,-0.0011571525812037464,8.272,8.278528393330523,0.00652839333052313,8.014,8.025558750284546,0.011558750284546448,8.002,7.995806241092048,-0.00619375890795304
TOI-1135,1.1974753679591197,0.01463479611729989,1.156039,0.04143636795911965,8.578861752058073,0.37919425774224974,0.08503159707887872,0.562,-0.18280574225775031,-0.028018442555703352,0.10569522407599012,0.0,-0.028018442555703352,0.2329157473085209,0.08058837472373721,114.31921662743426,1.292799766866988,4.187774425890762,3,1.395924808630254,True,`ftol` termination condition is satisfied.,"['BP_mag', 'G_mag', 'RP_mag', 'J_mag', 'H_mag', 'K_mag']",True,True,True,9.6951775824,9.694715446741029,-0.000462135658970908,9.418639123,9.416107093916454,-0.002532029083546661,8.9744020117,8.973385138484709,-0.0010168732152919802,8.458,8.496081978124856,0.03808197812485581,8.265,8.231665760790479,-0.0333342392095215,8.192,8.193680782749968,0.0016807827499683015
HD 114082,1.3000025194680411,0.01904315895480757,1.47,-0.16999748053195884,7.176091259055681,0.015000000000000003,0.04289051723894328,0.015,3.469446951953614e-18,-0.09881293733102671,0.023200582472875427,0.0,-0.09881293733102671,0.027463385161514947,0.01652709711834411,95.03436368456418,0.6564186639124566,3.1178099543804456,3,1.0392699847934819,True,`xtol` termination condition is satisfied.,"['BP_mag', 'G_mag', 'RP_mag', 'J_mag', 'H_mag', 'K_mag']",True,True,True,8.311529352,8.308827618952206,-0.002701733047794974,8.106043179,8.10533380774649,-0.000709371253510227,7.743427928,7.755731256342271,0.01230332834227088,7.403,7.404023258802603,0.001023258802603344,7.226,7.199835863849175,-0.026164136150825357,7.163,7.179048245028332,0.016048245028331465
TOI-1268,0.9865022652998953,0.011515967867363613,0.96,0.0265022652998953,8.408506856833458,0.2561573707027881,0.10893238602790214,0.245,0.011157370702788105,0.3613732399228263,0.09590280027394699,0.36,0.001373239922826286,0.08320785156174286,0.07952643413079725,110.27664293396853,1.17122690060423,4.33493229881274,3,1.44497743293758,True,`xtol` termination condition is satisfied.,"['BP_mag', 'G_mag', 'RP_mag', 'J_mag', 'H_mag', 'K_mag']",True,True,True,11.1313409772,11.132339567388325,0.0009985901883240444,10.6897060397,10.689633782122332,-7.225757766882168e-05,10.0888810412,10.09138879832902,0.0025077571290186285,9.4,9.411662152226416,0.011662152226415756,9.034,8.99047574318333,-0.043524256816670714,8.911,8.9196223727352,0.008622372735199946
TOI-1238,0.6539133279971655,0.004832584942720754,0.59,0.06391332799716554,8.66559491132874,0.4630148406379889,0.34100239241187336,0.8,-0.3369851593620111,0.32291626989413713,0.03281624680833343,0.31,0.012916269894137133,1.0336262989218765e-19,0.017715723655681602,70.59186408423732,0.4874997006609654,9.087954296973596,3,3.0293180989911987,True,`ftol` termination condition is satisfied.,"['BP_mag', 'G_mag', 'RP_mag', 'J_mag', 'H_mag', 'K_mag']",True,True,True,13.15933562974,13.11301615706639,-0.04631947267360914,12.21399314156,12.219417608784305,0.005424467224305118,11.251628456,11.306659534898182,0.05503107889818182,10.039,10.060803004551879,0.021803004551879113,9.348,9.326335595787446,-0.021664404212554444,9.184,9.177253641614563,-0.006746358385436579
TOI-1238,0.6539133279971655,0.004832584942720754,0.59,0.06391332799716554,8.66559491132874,0.4630148406379889,0.34100239241187336,0.8,-0.3369851593620111,0.32291626989413713,0.03281624680833343,0.31,0.012916269894137133,1.0336262989218765e-19,0.017715723655681602,70.59186408423732,0.4874997006609654,9.087954296973596,3,3.0293180989911987,True,`ftol` termination condition is satisfied.,"['BP_mag', 'G_mag', 'RP_mag', 'J_mag', 'H_mag', 'K_mag']",True,True,True,13.15933562974,13.11301615706639,-0.04631947267360914,12.21399314156,12.219417608784305,0.005424467224305118,11.251628456,11.306659534898182,0.05503107889818182,10.039,10.060803004551879,0.021803004551879113,9.348,9.326335595787446,-0.021664404212554444,9.184,9.177253641614563,-0.006746358385436579
