starname,tic_id,mass,mass_mc_err,mass_observed,mass_resid,age_log10yr,age_gyr,age_gyr_mc_err,age_observed,age_resid,feh,feh_mc_err,feh_observed,feh_resid,AV,AV_mc_err,distance_pc,distance_pc_mc_err,chi2,dof,red_chi2,success,message,bands_used,used_teff_initial,used_feh_initial,used_age_initial,BP_mag_obs,BP_mag_model,BP_mag_resid,G_mag_obs,G_mag_model,G_mag_resid,RP_mag_obs,RP_mag_model,RP_mag_resid,J_mag_obs,J_mag_model,J_mag_resid,H_mag_obs,H_mag_model,H_mag_resid,K_mag_obs,K_mag_model,K_mag_resid
K2-136,18310799,0.7159431816566947,0.007828531429306696,0.742,-0.02605681834330531,9.3417742523167,2.196717714953543,0.3120101169418815,0.65,1.5467177149535432,0.05881257156533329,0.12761610912234533,-0.02,0.07881257156533329,0.11175898714828277,0.21465503026722538,58.89652688321108,0.35189341219770653,14.13537897936266,3,4.711792993120887,True,`ftol` termination condition is satisfied.,"['BP_mag', 'G_mag', 'RP_mag', 'J_mag', 'H_mag', 'K_mag']",True,True,True,11.5397526969,11.493394923357133,-0.04635777354286752,10.8536767534,10.853285774509457,-0.000390978890543181,10.0526718772,10.098709457806102,0.04603758060610197,9.096,9.127069785567056,0.03106978556705542,8.496,8.462947966942092,-0.03305203305790805,8.368,8.35865075079599,-0.00934924920401059
K2-370,456945304,0.9469906300551353,0.015168413338416271,0.984,-0.0370093699448647,9.699405868341355,5.005020588751368,0.06276434899696792,nan,nan,0.018247775386783363,0.09962444036551338,0.018,0.00024777538678336444,0.28024271229291625,0.08546503883404742,140.9563852302821,1.99041340849558,0.8027122156029494,3,0.26757073853431645,True,`ftol` termination condition is satisfied.,"['BP_mag', 'G_mag', 'RP_mag', 'J_mag', 'H_mag', 'K_mag']",True,True,False,11.28410971593,11.278832519055298,-0.005277196874702739,10.8858424226,10.884157428145086,-0.0016849944549139906,10.3135873764,10.322743063769554,0.009155687369554855,9.667,9.671545647721345,0.004545647721345247,9.247,9.286933270650406,0.03993327065040653,9.237,9.22741572117502,-0.009584278824979364
K2-133,150096001,0.4688342905842593,0.004228420062141716,0.461,0.007834290584259274,9.200993503577903,1.5885229863962214,0.4989574308105272,nan,nan,-0.14498240800439277,0.03211013014436453,nan,nan,4.424551627041542e-19,0.001088480810103088,75.31252366423844,0.5665249211930004,15.662622540037669,2,7.831311270018834,True,`ftol` termination condition is satisfied.,"['BP_mag', 'G_mag', 'RP_mag', 'J_mag', 'H_mag', 'K_mag']",True,False,False,14.291240668927,14.231793181881782,-0.05944748704521707,13.30875312509,13.305538755727824,-0.003214369362176228,12.32011680628,12.37679525239337,0.05667844611337003,11.084,11.125869033811837,0.04186903381183704,10.487,10.451195656689839,-0.03580434331016136,10.279,10.262178496796638,-0.016821503203361843
K2-394,436575927,0.48430991580222943,0.006494453912825876,0.478,0.006309915802229449,7.029548513209366,0.010704059467780669,0.0001142463015851419,nan,nan,-1.0070226177745656,0.04538658658852544,-0.388,-0.6190226177745656,5.804787108235885e-14,2.6718691385807193e-06,98.48377824759633,0.9736070474958917,52.35380537118563,3,17.451268457061875,True,`ftol` termination condition is satisfied.,"['BP_mag', 'G_mag', 'RP_mag', 'J_mag', 'H_mag', 'K_mag']",True,True,False,12.93825497119,12.944595765771977,0.006340794581976894,12.19776993684,12.223444956280861,0.025675019440861035,11.36321837697,11.414051219993663,0.05083284302366309,10.345,10.365235547454873,0.020235547454872105,9.726,9.681697149988508,-0.04430285001149237,9.568,9.534848595646068,-0.033151404353931824
K2-291,27039476,0.9449830046182417,0.011707835144908947,0.934,0.010983004618241643,9.483431972866581,3.043911159720796,0.124967339109177,3.72,-0.676088840279204,0.057088958070587864,0.06694669080428325,0.08,-0.022911041929412138,9.811150047825613e-15,0.04642690656388684,89.57870215113985,0.7952569562041129,0.4589293229254464,3,0.15297644097514881,True,`ftol` termination condition is satisfied.,"['BP_mag', 'G_mag', 'RP_mag', 'J_mag', 'H_mag', 'K_mag']",True,True,True,10.2372085953,10.229509645773115,-0.007698949526885102,9.8704684379,9.872241127583651,0.0017726896836514072,9.3361446632,9.349824120099479,0.013679456899478026,8.765,8.772807106806495,0.007807106806493991,8.407,8.400210518988217,-0.006789481011782783,8.353,8.354039330470647,0.0010393304706468598
K2-284,5882269,0.6379346781868787,0.007772667744625946,0.63,0.007934678186878652,8.645475188371723,0.44205386122571294,0.3780327664844268,0.12,0.32205386122571295,0.07144078271394656,0.059047560879016775,0.0,0.07144078271394656,1.3565845235519131e-28,0.07125309715700721,106.1124137079086,1.122684280154588,6.534323700985338,3,2.178107900328446,True,`ftol` termination condition is satisfied.,"['BP_mag', 'G_mag', 'RP_mag', 'J_mag', 'H_mag', 'K_mag']",True,True,True,13.66844254547,13.624717938266805,-0.043724607203195376,12.8514587102,12.851088203971686,-0.0003705062283128058,11.9669583118,12.008739721974822,0.0417814101748224,10.868,10.901628622077721,0.033628622077721104,10.206,10.18394304957209,-0.022056950427909783,10.058,10.049470496607775,-0.008529503392225024
HD 73344,175193677,1.2085695602181172,0.013417632692141059,1.2,0.008569560218117278,9.062343028303083,1.1543646749137801,0.04963350403468361,1.15,0.004364674913780231,0.11586629084896734,0.0984526976969041,0.143,-0.02713370915103265,0.11972468480960484,0.06605305333910581,35.24541585795692,0.1246410160666824,4.077764518521139,3,1.3592548395070463,True,`ftol` termination condition is satisfied.,"['BP_mag', 'G_mag', 'RP_mag', 'J_mag', 'H_mag', 'K_mag']",True,True,True,7.03386967,7.037088588443853,0.003218918443853802,6.762599362,6.760443141955643,-0.0021562200443563384,6.326160786,6.321444275596183,-0.0047165104038171535,5.836,5.860928611865998,0.02492861186599793,5.64,5.594272803832482,-0.04572719616751808,5.567,5.559093225966693,-0.007906774033306974
K2-264,184914317,0.4729450804691768,0.00753418622275291,0.496,-0.02305491953082317,9.8579675631396,7.210536226635753,1.2170613610735104,nan,nan,0.21007462716309347,0.05893127411891029,-0.013,0.22307462716309348,0.11926740284020823,0.1266819170537976,178.7004466061649,3.144128701822333,12.278450317774642,3,4.092816772591547,True,`ftol` termination condition is satisfied.,"['BP_mag', 'G_mag', 'RP_mag', 'J_mag', 'H_mag', 'K_mag']",True,True,False,16.919745362118,16.80813490372765,-0.11161045839034855,15.639098386956,15.626516747479142,-0.012581639476858086,14.519703039852,14.586756577653274,0.06705353780127332,13.047,13.071834202239664,0.024834202239663483,12.386,12.37546227911233,-0.010537720887668911,12.183,12.177284851541152,-0.005715148458847352
K2-415,323687123,0.5006562247672722,2.175664540661261e-09,0.1635,0.33715622476727225,10.1243,13.313737808311362,3.552802499973279e-15,nan,nan,0.49999996251179135,9.554193609512164e-10,-0.13,0.6299999625117914,1.1276049972335853,1.1063172739648572e-09,28.850062705895702,3.684871367334274e-08,35044.66566085661,3,11681.555220285538,True,`xtol` termination condition is satisfied.,"['BP_mag', 'G_mag', 'RP_mag', 'J_mag', 'H_mag', 'K_mag']",True,True,False,15.535660084691,14.157782313584253,-1.3778777711067463,13.7703284421,12.434350496027536,-1.3359779460724646,12.5090578604,11.244014587006241,-1.2650432733937595,10.739,9.239269014973246,-1.4997309850267548,10.17,8.416414514688533,-1.7535854853114667,9.899,8.160031245155519,-1.73896875484448
K2-401,345063080,0.6821805537705079,0.013486209370191304,0.87,-0.1878194462294921,9.69917856598999,5.0024017314237605,0.32631462441142456,nan,nan,-0.15000919652663233,0.10799208633166438,-0.098,-0.05200919652663233,0.4151203102228744,0.20866493130314326,203.38920380991203,4.295757574760362,7.1990943989091924,3,2.3996981329697307,True,`ftol` termination condition is satisfied.,"['BP_mag', 'G_mag', 'RP_mag', 'J_mag', 'H_mag', 'K_mag']",True,True,False,14.38405537212,14.33554620794287,-0.048509164177129804,13.679443031403,13.680331089511407,0.0008880581084067529,12.86871287905,12.913550597916446,0.04483771886644661,11.867,11.88859113989651,0.021591139896509404,11.266,11.224091580395585,-0.041908419604414604,11.106,11.111469970281025,0.005469970281025027
K2-322,277869696,0.6246141725355704,0.007700767410635271,0.63,-0.005385827464429616,9.915367076890472,8.229379244194806,0.5148993387729301,nan,nan,0.15662015511953248,0.03435300280390791,nan,nan,6.073615047090912e-22,0.0006228294955026057,123.41482957222262,1.5394134592150766,17.672022061569002,2,8.836011030784501,True,`ftol` termination condition is satisfied.,"['BP_mag', 'G_mag', 'RP_mag', 'J_mag', 'H_mag', 'K_mag']",True,False,False,14.17204748938,14.109715710813047,-0.06233177856695349,13.29346670278,13.290477989441856,-0.002988713338144322,12.37206438455,12.419410989942094,0.04734660539209301,11.194,11.259003628724825,0.06500362872482413,10.569,10.529297226767659,-0.03970277323234228,10.413,10.38609230546319,-0.026907694536809856
K2-324,392817207,0.5245433571882312,0.006338791387285031,0.517,0.007543357188231181,10.071387736487646,11.786578051913773,1.0979946787899424,nan,nan,0.22395975953394293,0.03346066576754367,nan,nan,3.0663029885609327e-16,0.03201312626284202,137.29309047748356,1.8763226477766506,6.422148735646627,2,3.2110743678233136,True,`ftol` termination condition is satisfied.,"['BP_mag', 'G_mag', 'RP_mag', 'J_mag', 'H_mag', 'K_mag']",True,False,False,15.609893255225,15.54475900296579,-0.06513425225920955,14.500686333853,14.501002535052601,0.0003162011996007408,13.45649883277,13.514866595627439,0.058367762857438166,12.092,12.128394208558195,0.03639420855819431,11.457,11.423745664327441,-0.03325433567255942,11.237,11.242357389644948,0.0053573896449474745
K2-404,61312205,0.5551970017973825,0.005835752266328846,0.552,0.0031970017973824705,10.045625196441248,11.107726976935687,0.7673976832451121,nan,nan,0.13588800613147284,0.03776706642244522,0.005,0.13088800613147283,3.5919457292571095e-16,0.04793728233954415,121.11539316580873,1.4451654193948467,11.603690607999685,3,3.867896869333228,True,`ftol` termination condition is satisfied.,"['BP_mag', 'G_mag', 'RP_mag', 'J_mag', 'H_mag', 'K_mag']",True,True,False,14.805781957165,14.757855613533758,-0.04792634363124115,13.8256799673,13.826834410612403,0.0011544433124033304,12.8455398258,12.895887036867745,0.05034721106774498,11.581,11.624517655395465,0.04351765539546548,10.944,10.912979627082125,-0.03102037291787596,10.75,10.7438763828984,-0.006123617101600587
K2-261,281731203,1.1057432384890158,0.006316715844707408,1.107,-0.0012567615109841945,9.944566123690494,8.801691120072894,0.008249255526076782,8.8,0.0016911200728930709,0.3807805938409846,0.06878248392914113,0.372,0.008780593840984618,0.026750712190030078,0.04266771185195483,215.26168204345564,4.3464035850734035,1.0387045730562643,3,0.34623485768542145,True,`ftol` termination condition is satisfied.,"['BP_mag', 'G_mag', 'RP_mag', 'J_mag', 'H_mag', 'K_mag']",True,True,True,10.8503688469,10.847238594698496,-0.0031302522015046463,10.4600654887,10.460277176573527,0.00021168787352721097,9.9079298923,9.912927072381782,0.004997180081781849,9.337,9.315049772376838,-0.021950227623161567,8.92,8.946987351404292,0.026987351404292426,8.89,8.88920287159512,-0.0007971284048799987
EPIC 201497682,301610040,0.7283316304281815,0.01642125599858195,0.78,-0.05166836957181853,9.679180869440264,4.777281903922261,0.15303396808871095,nan,nan,-0.1471788202541077,0.09333701524890065,-0.0892,-0.057978820254107694,0.34891394698130385,0.1552309105904724,257.90951616221366,6.222388670947283,2.9238430052804776,3,0.9746143350934925,True,`ftol` termination condition is satisfied.,"['BP_mag', 'G_mag', 'RP_mag', 'J_mag', 'H_mag', 'K_mag']",True,True,False,14.30741933345,14.290775827042479,-0.016643506407520547,13.72400367291,13.72229485818929,-0.001708814720709384,13.00060135725,13.016828631526375,0.016227274276374715,12.086,12.105005140016273,0.019005140016272293,11.54,11.521632059390104,-0.018367940609895328,11.438,11.427188043505687,-0.010811956494313435
K2-43,443616612,0.5753030259434474,0.007302441312592957,0.571,0.004303025943447447,10.124693968796892,13.325820801041731,0.5027460677056504,nan,nan,0.33450962362108,0.033345106787568586,nan,nan,7.744074718783689e-16,0.02716370391817255,182.20256876591847,3.3195495218980535,3.8583666605021203,2,1.9291833302510601,True,`ftol` termination condition is satisfied.,"['BP_mag', 'G_mag', 'RP_mag', 'J_mag', 'H_mag', 'K_mag']",True,False,False,15.86498125713,15.824006704053039,-0.04097455307696052,14.79871128305,14.797479853004406,-0.0012314300455944505,13.77052122928,13.819716046536433,0.049194817256433154,12.422,12.442570967354179,0.020570967354178293,11.712,11.716357940834847,0.004357940834847085,11.577,11.54686307825764,-0.03013692174235949
K2-5,38064757,0.571260735813457,0.009241606734063742,0.61,-0.03873926418654294,9.634996963056206,4.315160593024346,0.6612246001294623,nan,nan,-0.279456077834645,0.0842002481070265,-0.33,0.050543922165355026,0.05030617156234776,0.08623157241736817,200.18000546813056,3.9761323043709824,5.294556305078674,3,1.7648521016928915,True,`ftol` termination condition is satisfied.,"['BP_mag', 'G_mag', 'RP_mag', 'J_mag', 'H_mag', 'K_mag']",True,True,False,15.106919388653,15.0459996254155,-0.060919763237500035,14.32286065485,14.31576593083187,-0.00709472401813116,13.457883254407,13.501186914354287,0.0433036599472878,12.449,12.44395611587081,-0.0050438841291899905,11.758,11.740713785061377,-0.017286214938621924,11.595,11.608471806233242,0.013471806233241068
K2-36,363445121,0.7777892942261122,0.01065303440223172,0.79,-0.012210705773887831,9.088818758991572,1.2269270995968533,0.3467566001343664,1.4,-0.1730729004031466,-0.11609499442604025,0.08766596206571796,-0.047,-0.06909499442604025,0.2138288947478046,0.12306739317925969,109.44470650874122,1.1817594664342008,2.847578485400076,3,0.9491928284666921,True,`ftol` termination condition is satisfied.,"['BP_mag', 'G_mag', 'RP_mag', 'J_mag', 'H_mag', 'K_mag']",True,True,True,12.04257326901,12.028215216698193,-0.014358052311806091,11.52425115359,11.523311391557828,-0.0009397620321731637,10.8508483866,10.86792970770327,0.017081321103271208,10.034,10.0533414591736,0.019341459173599418,9.549,9.526951060942903,-0.022048939057096817,9.454,9.447472084531876,-0.00652791546812459
K2-22,363445338,0.6155408073298677,0.01188833487462989,0.595292,0.02024880732986767,9.860346842039556,7.250147498532342,0.7831383826447428,nan,nan,0.2158401040373329,0.08887566104487787,0.032,0.1838401040373329,1.9152505058893578e-12,0.14299819065870403,237.0301157160038,5.634452560538275,12.776820750746861,3,4.258940250248954,True,`ftol` termination condition is satisfied.,"['BP_mag', 'G_mag', 'RP_mag', 'J_mag', 'H_mag', 'K_mag']",True,True,False,15.821783565595,15.805264922282095,-0.016518643312904757,14.93433679407,14.921975478025347,-0.012361316044652071,13.95499529523,14.015494786794111,0.060499491564110386,12.726,12.785750300753605,0.059750300753604435,12.088,12.055789342300377,-0.03221065769962195,11.924,11.90261687092902,-0.021383129070979834
K2-50,363444743,0.6653501353479913,0.015547716982934051,0.611,0.05435013534799127,9.978041691588315,9.506960546041755,0.18631663301383258,nan,nan,-0.14684539630852914,0.10619014779277221,-0.1132,-0.03364539630852914,0.4141260518350944,0.2161802222251119,259.38955982925603,7.074718483146884,4.656968822926107,3,1.552322940975369,True,`ftol` termination condition is satisfied.,"['BP_mag', 'G_mag', 'RP_mag', 'J_mag', 'H_mag', 'K_mag']",True,True,False,14.957903248516,14.907501889175773,-0.050401359340227714,14.2442557762,14.243505852125878,-0.0007499240741211111,13.43033130417,13.470648810704734,0.04031750653473409,12.41,12.433426400771179,0.023426400771178635,11.765,11.758123978914684,-0.006876021085316708,11.664,11.64379870027838,-0.020201299721620103
K2-45,38087018,0.8077241437359424,0.01224382085731156,0.503,0.30472414373594237,9.875191731686813,7.5022534461026,0.5344169776120558,nan,nan,0.499999999033852,2.2251290078364102e-14,nan,nan,0.3055443274988634,0.09111971920296574,520.7469889633322,10.979961439932792,1.9457953190530954,2,0.9728976595265477,True,`xtol` termination condition is satisfied.,"['BP_mag', 'G_mag', 'RP_mag', 'J_mag', 'H_mag', 'K_mag']",True,False,False,16.0098379135,16.008641575617627,-0.0011963378823729443,15.330882973828,15.327054866011391,-0.0038281078166093607,14.510182063353,14.54560566350603,0.03542360015303103,13.536,13.535587968156968,-0.00041203184303206797,12.92,12.90065140959454,-0.019348590405460442,12.756,12.778097851769422,0.022097851769421695
K2-164,173090902,1.1411579346947962,0.020262854253453505,1.180894,-0.039736065305203905,9.699546717046271,5.006644060895681,0.006446084142493798,nan,nan,-0.21679907496338102,0.0920293215919628,-0.23,0.013200925036618988,0.20849678410909214,0.05160175169269492,382.0941680494934,12.893313876141036,3.8996750414157995,3,1.2998916804719332,True,`ftol` termination condition is satisfied.,"['BP_mag', 'G_mag', 'RP_mag', 'J_mag', 'H_mag', 'K_mag']",True,True,False,11.385456312,11.382524952802825,-0.002931359197175354,11.09385227,11.096373883548553,0.002521613548553958,10.6376491372,10.642680478815064,0.005031341615064022,10.153,10.13172684868293,-0.02127315131706986,9.865,9.836896666538129,-0.028103333461871216,9.775,9.799128807727474,0.0241288077274735
K2-18,388804061,0.46147900623618854,0.0033544197248795843,0.359,0.10247900623618855,9.711693078840806,5.148646549047381,1.066509416570203,nan,nan,0.27449956866673003,0.02661998708507815,0.12,0.15449956866673004,8.937080980788445e-20,0.05809228431029764,38.08859601136998,0.14545495917544515,13.99743107354223,3,4.66581035784741,True,`ftol` termination condition is satisfied.,"['BP_mag', 'G_mag', 'RP_mag', 'J_mag', 'H_mag', 'K_mag']",True,True,False,13.71137062706,13.639125677701713,-0.07224494935828751,12.40076333334,12.399826153797997,-0.0009371795420030082,11.26974346326,11.33809042500712,0.06834696174712107,9.763,9.77466682761525,0.011666827615250952,9.135,9.094707601746938,-0.040292398253061634,8.899,8.902260677338703,0.0032606773387033883
K2-12,396972464,0.9476230385425726,0.019764810691878177,0.965,-0.017376961457427398,9.949339187474678,8.898958623301766,0.017145223701231477,8.9,-0.001041376698234231,-0.013683639509987036,0.09775372346549384,0.0,-0.013683639509987036,0.10851449147018967,0.06392207421819729,321.19336167581497,10.058094472901036,6.311427682863752,3,2.1038092276212508,True,`ftol` termination condition is satisfied.,"['BP_mag', 'G_mag', 'RP_mag', 'J_mag', 'H_mag', 'K_mag']",True,True,True,12.4219807495,12.416827462983687,-0.0051532865163128605,12.0799045755,12.080356375117267,0.00045179961726660167,11.5722110702,11.575624451841264,0.003413381641264479,10.983,11.01296802949468,0.029968029494678916,10.712,10.665945526974706,-0.04605447302529342,10.605,10.622018206085917,0.017018206085916532
K2-4,49462779,0.6489949247059165,0.015158945333882939,0.635026,0.013968924705916486,9.795768804157275,6.248399718494105,0.31180233585883516,nan,nan,-0.12708671790329892,0.1150322807955248,-0.12,-0.007086717903298928,0.41755060622264917,0.232327730968823,234.1798105816317,6.658711039551865,15.441324249946561,3,5.14710808331552,True,`ftol` termination condition is satisfied.,"['BP_mag', 'G_mag', 'RP_mag', 'J_mag', 'H_mag', 'K_mag']",True,True,False,15.12105567961,15.05092677081332,-0.07012890879668099,14.32551862742,14.324466258986872,-0.001052368433127171,13.456241375359,13.512002222210782,0.05576084685178273,12.367,12.40989364759498,0.04289364759497971,11.747,11.692782852335037,-0.05421714766496244,11.571,11.564626040812957,-0.006373959187042644
K2-16,281886199,0.6868281413694723,0.01833257035139625,0.68,0.006828141369472296,9.698768152923078,4.997676639695403,0.1761342487464897,nan,nan,-0.33371484932443907,0.0943676121240315,-0.33,-0.0037148493244390512,0.24380126606499283,0.16051708752744523,334.15536067093404,10.105811757599028,1.921281727374516,3,0.640427242458172,True,`ftol` termination condition is satisfied.,"['BP_mag', 'G_mag', 'RP_mag', 'J_mag', 'H_mag', 'K_mag']",True,True,False,14.87061123651,14.849568802582377,-0.021042433927622284,14.31122462266,14.312698330322045,0.0014737076620452427,13.606555814243,13.630867993996498,0.02431217975349753,12.764,12.757869069090376,-0.0061309309096238,12.207,12.184802621364234,-0.02219737863576654,12.087,12.09845403593101,0.011454035931009798
WASP-85 A,380619414,1.0662037222845842,0.018197745550983094,1.09,-0.023796277715415926,9.700190266218534,5.014068539432845,0.0481593162418009,nan,nan,0.12034999786087566,0.10124821393077577,0.118,0.002349997860875669,0.7543171823884957,0.07618368869082534,140.9964256962611,1.9970834026329731,10.451716742789479,3,3.4839055809298265,True,`ftol` termination condition is satisfied.,"['BP_mag', 'G_mag', 'RP_mag', 'J_mag', 'H_mag', 'K_mag']",True,True,False,10.8644837403,11.093357464198597,0.22887372389859628,10.6401063668,10.633298698059583,-0.006807668740416162,9.9741938282,10.010934163299034,0.03674033509903296,9.275,9.250298928436099,-0.024701071563901777,8.925,8.862238315016954,-0.06276168498304635,8.733,8.777642598980812,0.04464259898081124
K2-48,397022282,0.7407752162830774,0.01885170990055761,0.77,-0.02922478371692261,9.701740616229953,5.031999812212841,0.16576043009008182,nan,nan,-0.2084021424969788,0.09353590464323289,-0.19,-0.0184021424969788,0.31644592523023773,0.14560604643214084,321.04266551022533,9.404247357007202,1.3045756642488944,3,0.4348585547496315,True,`ftol` termination condition is satisfied.,"['BP_mag', 'G_mag', 'RP_mag', 'J_mag', 'H_mag', 'K_mag']",True,True,False,14.49303851709,14.471003107358316,-0.02203540973168394,13.95261919417,13.952515238215712,-0.00010395595428747129,13.26589484254,13.28457431815256,0.01867947561255967,12.43,12.438799098695588,0.00879909869558837,11.903,11.903065121968522,6.51219685217086e-05,11.838,11.819024400927821,-0.01897559907217783
K2-9,82050863,0.3106683927628223,0.0049368919732242205,0.3,0.010668392762822332,9.119011605212592,1.3152599780859953,0.5789909201451404,1.0,0.31525997808599526,-0.25241384425524055,0.07404682747608812,-0.25,-0.0024138442552405492,0.2728689152761592,0.11973335033396998,82.95910862374306,0.6911178632697331,16.569913007369813,3,5.523304335789938,True,`ftol` termination condition is satisfied.,"['BP_mag', 'G_mag', 'RP_mag', 'J_mag', 'H_mag', 'K_mag']",True,True,True,16.081295551978,15.947755451182728,-0.1335401007952708,14.84519428958,14.847782907071277,0.0025886174912770343,13.74853790665,13.841964085610435,0.09342617896043492,12.451,12.406491856727651,-0.04450814327234909,11.71,11.719596859886733,0.009596859886732645,11.495,11.497845733393481,0.0028457333934817086
K2-6,446672575,0.907665233772257,0.018747042847468018,0.97,-0.06233476622774292,9.698795040167656,4.99798605627648,0.09892412617660575,nan,nan,-0.1407327159191273,0.08292742277968233,-0.14,-0.0007327159191272969,0.03354026180414495,0.05968540395774113,319.0725750602022,9.464748258117456,0.7396058198476142,3,0.24653527328253808,True,`ftol` termination condition is satisfied.,"['BP_mag', 'G_mag', 'RP_mag', 'J_mag', 'H_mag', 'K_mag']",True,True,False,12.82602060075,12.818279093985721,-0.007741506764279649,12.490584145,12.491726152189354,0.0011420071893546435,11.9920082214,11.99659759262346,0.004589371223458372,11.44,11.447722777482447,0.00772277748244754,11.09,11.096122378755082,0.006122378755081925,11.069,11.056570448542464,-0.012429551457536547
K2-17,291090078,0.6416534521407057,0.00898226181849894,0.71,-0.06834654785929428,9.598351545746942,3.9659893691879295,0.5574055871471487,nan,nan,0.024060220176031932,0.04399116444280369,0.15,-0.12593977982396806,3.067221637892331e-20,0.007371435623306965,124.00766490507245,1.5833848698011146,11.631591882207085,3,3.877197294069028,True,`ftol` termination condition is satisfied.,"['BP_mag', 'G_mag', 'RP_mag', 'J_mag', 'H_mag', 'K_mag']",True,True,False,13.770940643945,13.732738639005673,-0.03820200493932724,12.99291297251,12.99992403828332,0.007011065773319558,12.13211646754,12.183372803221484,0.0512563356814848,11.076,11.119209527981882,0.04320952798188138,10.436,10.405417191662382,-0.03058280833761806,10.308,10.280346089434026,-0.02765391056597366
K2-240,432247315,0.5607270570662771,0.0070155936723020505,0.58,-0.019272942933722836,10.11884411007102,13.147528171866806,0.6164505687674436,nan,nan,0.042687026946321066,0.11079798293462188,-0.1,0.14268702694632107,0.12478755292767525,0.15191780174421177,72.93354040465614,0.5333519837808958,9.25523900284592,3,3.085079667615307,True,`ftol` termination condition is satisfied.,"['BP_mag', 'G_mag', 'RP_mag', 'J_mag', 'H_mag', 'K_mag']",True,True,False,13.56412055967,13.477535121862754,-0.08658543780724592,12.60431497715,12.588861225513854,-0.015453751636146151,11.6320389564,11.681147485178464,0.04910852877846317,10.394,10.448662621808893,0.05466262180889281,9.745,9.721560561915702,-0.023439438084297493,9.56,9.554094878473371,-0.005905121526629031
K2-233,428820090,0.7845797483757833,0.008718635570038527,0.79,-0.005420251624216776,9.044853499383903,1.108800720272823,0.28896231652593785,0.36,0.748800720272823,-0.11892779739241391,0.0894076604317594,-0.082,-0.036927797392413905,0.20443410588952657,0.11897540536101675,67.75331241378336,0.4580194180280741,4.257040430175714,3,1.4190134767252378,True,`ftol` termination condition is satisfied.,"['BP_mag', 'G_mag', 'RP_mag', 'J_mag', 'H_mag', 'K_mag']",True,True,True,10.9371483741,10.918075232203506,-0.01907314189649334,10.4229174415,10.423244184462073,0.0003267429620734674,9.7514117514,9.776001926204058,0.024590174804059117,8.968,8.976010161817866,0.00801016181786629,8.501,8.45979862335292,-0.0412013766470789,8.375,8.382477372060901,0.007477372060900933
K2-318,335322931,0.5861153933975335,0.006682498975489982,0.561,0.025115393397533436,9.196474970454172,1.5720811866329185,0.5122789004986446,nan,nan,0.2838506654957035,0.0323476433403369,nan,nan,1.359348979383332e-08,0.04443710070004091,148.9309876355618,2.214446798479499,5.289383303126987,2,2.6446916515634933,True,`xtol` termination condition is satisfied.,"['BP_mag', 'G_mag', 'RP_mag', 'J_mag', 'H_mag', 'K_mag']",True,False,False,15.440904530093,15.388316411749955,-0.052588118343045664,14.378969762507,14.376116718882576,-0.0028530436244231794,13.35696604687,13.405160261108085,0.048194214238085564,12.042,12.044494937264924,0.002494937264923891,11.341,11.322595963605313,-0.018404036394686685,11.152,11.15332906086923,0.0013290608692315686
K2-33,49040478,0.5213549782837474,0.01719137619318652,0.56,-0.038645021716252614,7.021387329336019,0.010504788897897249,0.00010867007497903805,0.0093,0.0012047888978972496,0.32428492231315154,0.04765689663300193,nan,nan,0.6058560314261269,0.15897576565465044,138.62394435511675,1.923542485781644,14.973953639864597,2,7.486976819932298,True,`ftol` termination condition is satisfied.,"['BP_mag', 'G_mag', 'RP_mag', 'J_mag', 'H_mag', 'K_mag']",True,False,True,15.732864693651,15.67162434022881,-0.06124035342219081,14.133508442435,14.12764228739093,-0.005866155044069288,12.91242261798,12.979029798975878,0.06660718099587726,11.095,11.107426885227078,0.012426885227077022,10.332,10.270449912195359,-0.06155008780464222,10.026,10.057883510819941,0.03188351081994156
K2-37,68504570,0.8656593974507766,0.014044741607794349,0.84,0.02565939745077661,9.6374663571695,4.339766441335394,0.06548978952178712,nan,nan,-0.09047116109070011,0.09606735752576555,-0.08,-0.010471161090700107,0.739454024225306,0.09863420456092521,178.06853254856298,3.135473640105673,0.8679896508252309,3,0.28932988360841033,True,`ftol` termination condition is satisfied.,"['BP_mag', 'G_mag', 'RP_mag', 'J_mag', 'H_mag', 'K_mag']",True,True,False,12.76781021451,12.772634051132506,0.0048238366225064055,12.24751755194,12.244543953937887,-0.0029735980021126096,11.567178149,11.566145222645575,-0.0010329263544246459,10.692,10.700051477183829,0.008051477183828482,10.214,10.224014048158564,0.010014048158563327,10.142,10.128726397059701,-0.013273602940298446
K2-53,49652731,0.8334507224094198,0.012185479387368253,0.851,-0.017549277590580226,9.81962059892505,6.6011651609941255,0.05118670996478468,nan,nan,-0.07694780363475218,0.09524726339298256,-0.037,-0.03994780363475218,1.1350474873360388,0.10085093966758935,137.91337766007098,1.888270398070691,5.436141737387997,3,1.812047245795999,True,`ftol` termination condition is satisfied.,"['BP_mag', 'G_mag', 'RP_mag', 'J_mag', 'H_mag', 'K_mag']",True,True,False,12.74569735185,12.768985328189506,0.023287976339506855,12.1382196985,12.128828303886737,-0.00939139461326377,11.38341414463,11.369854347718494,-0.013559796911506439,10.306,10.338708458787421,0.03270845878742179,9.826,9.79787819512366,-0.028121804876340306,9.664,9.67298793107048,0.00898793107048057
K2-31,50171060,0.9128353835273181,0.013074311504462649,0.91,0.002835383527318047,9.698593554457373,4.995667838452985,0.087501747555639,nan,nan,0.07627639266167492,0.0927607083941548,0.08,-0.00372360733832508,0.12052010942896395,0.08634500642732988,110.23921252153461,1.2117084890323524,0.6031393287695177,3,0.20104644292317256,True,`ftol` termination condition is satisfied.,"['BP_mag', 'G_mag', 'RP_mag', 'J_mag', 'H_mag', 'K_mag']",True,True,False,10.9485098179,10.93917244654457,-0.009337371355430335,10.538267663,10.538284217252068,1.6554252068701203e-05,9.9643125137,9.97372542327528,0.009412909575280182,9.318,9.325965219287582,0.007965219287582315,8.942,8.919958460643352,-0.022041539356647988,8.866,8.862145812363334,-0.0038541876366657846
K2-138,4610830,0.91498472720644,0.017023988670511636,0.935,-0.02001527279356008,9.444442421108043,2.7825464385595375,0.11823260458108667,2.8,-0.017453561440462284,0.10235444234185155,0.09159344440649313,0.14,-0.03764555765814846,0.09554335016521347,0.0909014714762366,203.68969749413463,3.9824313582451745,2.9306549388648255,3,0.9768849796216085,True,`ftol` termination condition is satisfied.,"['BP_mag', 'G_mag', 'RP_mag', 'J_mag', 'H_mag', 'K_mag']",True,True,True,12.4380934774,12.433771093109169,-0.004322384290832204,12.02223142957,12.019696357124856,-0.002535072445144948,11.4429277813,11.444087142710618,0.0011593614106182315,10.756,10.78163777434111,0.02563777434111003,10.384,10.361739449326935,-0.022260550673065538,10.305,10.301268453179011,-0.0037315468209886404
K2-141,301235044,0.7095289536925844,0.009111544579368913,0.708,0.0015289536925844338,9.816572356978694,6.5549948826084865,0.32925234847985557,6.3,0.2549948826084867,-0.03174682427252196,0.08451028224143546,0.0,-0.03174682427252196,0.09677127920477302,0.1236935562183636,62.03564294070356,0.3846675688909059,5.336229394497255,3,1.778743131499085,True,`ftol` termination condition is satisfied.,"['BP_mag', 'G_mag', 'RP_mag', 'J_mag', 'H_mag', 'K_mag']",True,True,True,11.3475645959,11.302182024332218,-0.04538257156778158,10.7187004487,10.719385286972683,0.0006848382726829527,9.9648479892,10.005672697476331,0.04082470827633067,9.086,9.097821637702824,0.011821637702823296,8.524,8.47432172111181,-0.0496782788881891,8.401,8.382496776889163,-0.018503223110837297
K2-329,301258470,0.8964828539698865,0.018451045294256136,0.901,-0.00451714603011355,9.356007370434089,2.269903374204369,0.1340453335414488,1.8,0.469903374204369,0.0929756039209926,0.08782176708053678,0.098,-0.005024396079007398,0.06876249348534952,0.08989775637062092,234.21360203261298,5.154613837311733,4.393973158067071,3,1.4646577193556904,True,`ftol` termination condition is satisfied.,"['BP_mag', 'G_mag', 'RP_mag', 'J_mag', 'H_mag', 'K_mag']",True,True,True,12.87177833131,12.860947893038762,-0.010830438271238307,12.4368883597,12.438449059124952,0.0015606994249530715,11.84143608582,11.855463125770582,0.014027039950581965,11.174,11.18128602225377,0.007286022253770952,10.798,10.747733581116622,-0.05026641888337835,10.668,10.686180735504344,0.018180735504344625
K2-326,422487869,0.6536368029049997,0.016873390812067325,0.507,0.1466368029049997,9.847082260360306,7.032055024648141,0.6423015627827972,nan,nan,0.2349602941795783,0.09236003192616475,nan,nan,2.123372412296979e-08,0.10894741185920753,285.21427581426076,8.339448504572474,3.6604303615730207,2,1.8302151807865104,True,`xtol` termination condition is satisfied.,"['BP_mag', 'G_mag', 'RP_mag', 'J_mag', 'H_mag', 'K_mag']",True,False,False,15.87193418682,15.819305094015476,-0.052629092804524547,14.99119798577,14.999831770432404,0.008633784662404054,14.06426347563,14.128605243864962,0.06434176823496252,12.977,12.963437669246865,-0.013562330753135399,12.231,12.231141725963921,0.00014172596392114656,12.091,12.091259374362995,0.00025937436299550143
