hostname,distance_pc,mass_model,mass_err,mass_err_minus,mass_err_plus,age_yr_model,age_yr_err,age_yr_err_minus,age_yr_err_plus,feh_model,feh_err,feh_err_minus,feh_err_plus,av_model,chi2_total,st_mass_measured,st_age_gyr_measured,st_met_measured,G_mag_abs_measured,G_mag_abs_model,BP_mag_abs_measured,BP_mag_abs_model,RP_mag_abs_measured,RP_mag_abs_model,J_mag_abs_measured,J_mag_abs_model,H_mag_abs_measured,H_mag_abs_model,K_mag_abs_measured,K_mag_abs_model,W1_mag_abs_measured,W1_mag_abs_model,W2_mag_abs_measured,W2_mag_abs_model,W3_mag_abs_measured,W3_mag_abs_model,W4_mag_abs_measured,W4_mag_abs_model,g_mag_abs_measured,g_mag_abs_model,r_mag_abs_measured,r_mag_abs_model,i_mag_abs_measured,i_mag_abs_model,z_mag_abs_measured,z_mag_abs_model
K2-33,137.883392333984,0.5863613705459859,0.0792421587051313,0.0802335767787105,0.078250740631552,9036572.014252828,1195393.728267354,1265590.418093171,1125197.038441537,0.3293108921311896,0.3538598977149094,0.4422664490016018,0.265453346428217,1.1447607462468308,6.382793634832587,0.56,0.0093,,8.435949837027934,8.537701745971786,10.035305534659734,10.072427499821544,7.214863334952733,7.258183713588352,5.397440201102635,5.285437061885615,4.634440201102635,4.3726757869096975,4.328440201102634,4.133624167389837,4.1924402011026345,4.099798691705342,4.064440201102634,4.076904578241564,3.912440201102634,3.9630999179088016,2.7144402011026347,3.8906131428101696,10.754440201102636,10.726710203226164,9.147840201102634,9.124993045712138,7.970540201102635,7.773307630110155,6.915040201102634,6.938589076214957
TOI-2497,275.743194580078,1.841842304393589,0.0742158394605219,0.0726685475597002,0.0757631313613436,973722642.063504,164082612.58533978,159066465.902287,169098759.26839256,0.095854764060013,0.0970235302103245,0.0979610376226959,0.096086022797953,0.6733225821222705,0.0864952099404415,1.859,1.0,0.094,2.276438884584299,2.254699806314058,2.5123664663714,2.5506876541633265,1.885873012391909,1.8940272509156733,1.4944759863298982,1.4679885305389409,1.3304759863298985,1.288910867871841,1.2834759863298997,1.2311710457403169,1.2154759863298985,1.223140584770443,1.2454759863298994,1.2229176059397295,1.2214759863298985,1.221691602373956,1.2674759863298997,1.2267824221915011,,2.61959554191723,,2.3343777379124813,,2.261829196290356,,2.24315193284185
KELT-9,206.176696777344,2.511615373024448,0.0908109465041822,0.0905723813813472,0.0910495116270171,285667261.36786824,78475958.35449246,82481965.67257574,74469951.03640917,-0.0313553153778404,0.0988655667643055,0.0989649275075966,0.0987662060210145,0.3219018426942939,0.2552362106966403,2.52,0.3,-0.03,1.0190678640166668,0.999187437215754,1.0237279935637869,1.0581248507280834,0.9811111493865372,0.9708692860627978,0.8868021131316572,0.914107175499062,0.920802113131657,0.8982378436255434,0.9108021131316572,0.8889673666314604,0.8278021131316571,0.8966929230858874,0.9378021131316574,0.9023965358581886,0.864802113131657,0.9097377195399272,1.1328021131316568,0.9196438399118386,,0.9789793175303976,,1.154847876276024,,1.324706485865908,,1.4547031565730777
KELT-17,225.960296630859,1.646459059117746,0.0723910946968358,0.0693386960022557,0.0754434933914158,658312286.5433975,148241418.08056155,147481877.67573792,149000958.48538518,-0.0160080777873547,0.0968623918551545,0.0964439341084394,0.0972808496018695,0.1661863844065697,0.4159985198411665,1.635,0.65,-0.018,2.446109765839397,2.428026094397947,2.572811120819868,2.573538589586365,2.2091016710518065,2.203374491348144,1.974839319062056,1.9755823579424985,1.926839319062056,1.8738737011141475,1.8758393190620577,1.8521046673501256,1.849839319062056,1.8494030369180217,1.8878393190620564,1.8496096400079,1.8558393190620563,1.848077495823272,1.5448393190620564,1.852407907913069,,2.54758094915514,,2.482182918223762,,2.544149868254704,,2.6356790771104275
IRAS 04125+2902,158.65934753418,0.7470779785393291,0.0676422278356791,0.0749218164493336,0.0603626392220246,2743497.801581249,458758.16915750713,468057.2834819043,449459.05483311,0.5,0.1268357159343598,0.1764623255846064,0.0772091062841131,3.0,125.1092604786422,0.7,0.0033,,7.9790283009157825,8.417626654061268,9.59256036726098,10.150438524878702,6.735914783154481,6.890012110455327,4.706671680127181,4.579216663587852,3.753671680127182,3.46300998951432,3.373671680127181,3.123539323293004,3.035671680127182,3.073002816224435,2.8906716801271823,3.1609044082547206,2.5956716801271824,3.0214512171362595,-1.2633283198728185,2.968366035017286,10.80617168012718,11.108194187436329,8.657471680127182,8.88235389927662,10.91137168012718,7.461212946751591,6.5693716801271815,6.45428595582285
Kepler-1663,335.721527099609,0.5944958950530301,0.0958666101554284,0.1030182133646481,0.0887150069462088,15027635.703532755,22953386.61714116,8244873.034104144,37661900.200178176,0.0563461408687108,0.0952783531789155,0.0953099359235515,0.0952467704342794,0.3919322750474108,38.40318850461037,0.610816,0.0,0.06,7.969609474875104,7.964789276314627,8.924074387289707,9.069805662003027,6.999933457113905,6.92081346844676,5.788104050375604,5.4257860348324645,5.111104050375604,4.628724702624815,4.922104050375604,4.43274369102205,4.8221040503756045,4.374163742782195,4.878104050375604,4.342836921069972,4.769104050375604,4.230937261054084,1.3061040503756045,4.16723155132223,,9.700176797508838,,8.220890512029186,,7.360890153276121,,6.817947301040011
TOI-1227,100.358726501465,0.17,0.0462252437412292,0.0449387541452043,0.0475117333372541,11000000.000000007,2296343.318359264,1676926.3218356725,2915760.314882856,0.0,0.3837535308838284,0.4326774855817765,0.3348295761858805,0.0,14.715969634002928,0.17,0.011,,10.21018369542688,9.95582804080893,12.18747575627898,11.631941139360988,8.89727838384238,8.772605373677447,6.882224291435181,6.8590443740857365,6.30422429143518,6.217940715409729,6.026224291435181,5.9996692583176445,5.879224291435181,5.867020292745135,5.641224291435179,5.660709868710619,5.50822429143518,5.524170866647218,3.61722429143518,5.428484429293927,,12.187827143444618,,10.852445739778393,,9.312334595759555,,8.460458356604065
K2-225,358.043365478516,1.516778148744659,0.0813209969453077,0.0756223955663133,0.087019598324302,13133586.864289768,2439169.602115794,2178640.763687983,2699698.440543605,0.4777262576364326,0.0671619308162537,0.076579067536692,0.0577447940958154,0.4902708000190184,6.634849461815928,1.482,0.0121,0.486,3.747233353217675,3.7294588156054,4.131348572333875,4.198446967615688,3.2026662450633747,3.129748744423277,2.592321846564875,2.456156811493755,2.2763218465648745,2.0956898794480128,2.184321846564876,2.01278889013387,2.1453218465648742,1.9975974964442609,2.208321846564875,2.0426925210226896,2.1623218465648755,1.995586843343422,0.8013218465648748,2.001913456774277,,4.412699027826145,,3.709873341375552,,3.496103030058083,,3.3997168919975205
HD 114082,94.9052886962891,1.4383069093498024,0.0815131911475384,0.0806806626782365,0.0823457196168402,13264139.030422676,2945458.680490485,3354632.4220104804,2536284.9389704894,0.0499971914915123,0.0977158718523695,0.0990620667503007,0.0963696769544382,0.5217010560377211,35.7191071353349,1.47,0.015,0.0,3.2195917425376326,3.173240382578445,3.4250770864707434,3.510130094660485,2.856976157210484,2.721721566381911,2.5165479269248427,2.209767409599911,2.339547926924843,1.9513104964633303,2.2765479269248434,1.896388757634808,2.233547926924844,1.8878502862779185,2.254547926924843,1.889287178149964,2.0185479269248434,1.883601813012532,-0.965452073075157,1.886402557914883,,3.619916056492461,,3.2099855859436577,,3.0842840260374937,,3.0427758418435147
TIC 88785435,121.87931060791,0.7610374031214175,0.0629596036497628,0.0619824666427351,0.0639367406567906,15808253.330825884,1622558.3633770766,1582385.3749313615,1662731.3518227916,-0.0751806886682724,0.0987257388934974,0.0976759946784407,0.0997754831085541,0.3450560278978179,4.05879645277891,0.724,0.016,-0.08,7.175170306285763,7.156635645623916,8.084883097728664,8.0318836655809,6.229364756664264,6.238475423191463,5.005350054820964,4.986832531748737,4.334350054820963,4.190790752822572,4.116350054820963,4.033232697040914,4.016350054820963,3.988978624619985,4.023350054820963,4.022146798002943,3.910350054820963,3.909981649120185,2.899350054820964,3.87114571677181,,8.631238256145746,,7.218731888642853,,6.644710156402925,,6.279406046338498
HIP 67522,124.376594543457,1.1872215962159278,0.0756926573110722,0.0661555242666185,0.0852297903555259,16854218.709336486,1812779.516566027,1889703.5670938045,1735855.4660382494,0.0101671299080117,0.094984271440673,0.0938662681664369,0.096102274714909,0.2051751059480079,0.2168958656662598,1.22,0.017,0.0,4.141672674211958,4.156673686537064,4.485899511370168,4.526165100060353,3.646190229448778,3.635067531220074,3.1133066921562973,3.0484949128182226,2.8133066921562984,2.695087065777193,2.6903066921562973,2.643241165048676,2.634306692156298,2.6298139767747624,2.648306692156297,2.6530159580175923,2.603306692156297,2.6190901208841195,2.647306692156298,2.6190631728960745,,4.669349731975205,,4.139213673201137,,3.989005715620455,,3.937677881565304
AU Mic,9.70998287200928,0.5797042509920873,0.0609761680173978,0.0597253675255546,0.062226968509241,19873912.88422601,2466817.9073350355,2461823.0295584016,2471812.785111669,0.2023924087083123,0.0940884731062812,0.0952000746041519,0.0929768716084104,0.0,0.9343880129365884,0.51,0.0201,0.23,7.907347259850221,8.033305442892765,8.973863659233771,9.168595631939118,6.862539348931032,7.011199638626641,5.499907680840211,5.520905550969652,4.894907680840212,4.77455338748477,4.592907680840211,4.599612732810746,,4.547479361916185,,4.500247054032281,,4.390161817932178,,4.3206977722700834,,9.6969441812239,,8.398301829029954,,7.4505163312054865,,6.895292279974068
V1298 Tau,107.523368835449,1.1245149504665528,0.0525581343934106,0.0517091976687693,0.0534070711180518,21092261.860698413,4438737.251550403,4474781.496121665,4402693.006979141,0.1071538862767027,0.0961150018746413,0.0963568785061525,0.0958731252431301,3.0,117.90744039286577,1.101,0.023,0.1,4.923041601396199,6.729984637975655,5.398738165116899,7.822866332371609,4.28046633741917,5.644955038847536,3.5294856855636985,4.14756282515186,3.0334856855637,3.465314263457127,2.9364856855636985,3.2336205212687137,2.8864856855637,3.201130983508678,2.913485685563699,3.234919109805124,2.8654856855636988,3.190744269617851,2.453485685563699,3.191364345191401,9.4603856855637,8.421467667583208,9.0417856855637,6.921036230234297,8.725485685563697,6.1475848759869685,7.725985685563699,5.565024042631399
HD 109833,79.4863967895508,1.0693891335033812,0.0677865880853095,0.0679497958563755,0.0676233803142436,27870255.966730826,2599376.977121113,2496313.309241943,2702440.6450002827,-0.0792562345818549,0.0943512916091191,0.0930225045235157,0.0956800786947225,0.32937593717458,0.2788546738135484,1.08,0.027,-0.07,4.643337088041792,4.657467051975837,4.949517088346973,5.008052045079469,4.166126089506642,4.163021023441567,3.642535948210252,3.6066780258045217,3.388535948210252,3.2866913046012027,3.3185359482102523,3.23764069403912,3.2705359482102523,3.227241242052013,3.312535948210252,3.2367340095781456,3.285535948210252,3.21866040305624,3.317535948210252,3.218596173238784,,5.136903176158766,,4.66318352970621,,4.519984520392288,,4.471608309239149
NGTS-33,435.669006347656,1.6390252719307543,0.0952942627210826,0.0943178694476971,0.0962706559944681,30462338.938306283,15025558.934931925,9623742.80914963,20427375.06071422,-0.0893260667197496,0.0941866009586323,0.0935308141260382,0.0948423877912264,0.8059654382640864,7.161070047322437,1.6,0.03,-0.11,3.1984255822485963,3.100320405058945,3.414107611972696,3.378515124259538,2.836060813266595,2.7981674581410987,2.4112166741674947,2.412291062053045,2.279216674167495,2.266940580188579,2.212216674167495,2.2083161515099783,2.170216674167495,2.202844776973047,2.185216674167496,2.203603598560956,2.3122166741674945,2.202436423609587,0.8972166741674954,2.2069592159133915,,3.4333513400407223,,3.2185450964186235,,3.170468721416852,,3.1615311948072167
TOI-6448,376.490173339844,1.0777921606024348,0.0667378057038431,0.0643609108674276,0.0691147005402585,33486467.726842128,3070114.946255112,3051241.6940832734,3088988.1984269507,0.5,0.478497253027065,0.4295367165184499,0.5274577895356802,0.0,18.63391177916202,1.03,0.034,,4.892006614853096,4.855923006459832,5.236285904098694,5.2663668830355705,4.379083374191494,4.289318502425047,3.871231773544495,3.677925944290456,3.499231773544495,3.3047389304407746,3.4362317735444945,3.238822340024964,3.3402317735444944,3.222096553580892,3.3852317735444943,3.2822284652425733,3.320231773544495,3.217891236229113,1.1172317735444954,3.223076339529376,,5.459721602970342,,4.786568266257326,,4.635354849446907,,4.59587574389601
TOI-837,142.43571472168,1.1374163588674946,0.057905397151146,0.0565992968095021,0.0592114974927899,34996156.68212768,5602246.201460693,5047466.153978847,6157026.248942539,0.0105112826456189,0.0984322570373914,0.0978806003908051,0.0989839136839778,0.3264898238981443,0.1231997245165517,1.142,0.035,0.01,4.591684862185955,4.593122224773481,4.911863847781655,4.947257044154328,4.109489961673214,4.095619509141664,3.623905504275754,3.540049047609854,3.339905504275756,3.222491904467516,3.1649055042757546,3.17211124078805,3.1329055042757545,3.1622362186025863,3.1069055042757547,3.174742387668972,3.1069055042757547,3.1554947045054083,3.1679055042757547,3.156593483953664,,5.078689216003109,,4.595083929496781,,4.452316789439067,,4.405303481168458
KOI-7913 A,271.026794433594,0.7622481697274047,0.0741080052378026,0.0774392038628026,0.0707768066128026,26620667.26553702,8468443.463904439,8445799.275922421,8491087.651886456,-0.1000000001393296,0.0880245778111869,0.0743860406833447,0.1016631149390292,2.6419633243234424,17.65015902681286,0.76,0.036,-0.06,7.034774634729486,6.988743879262968,7.766887519250985,8.007301242794739,6.192784163843286,5.975800196898788,5.108938857446785,4.564913198522577,4.4699388574467855,3.890428768704517,4.0469388574467855,3.6788664449089374,3.622938857446786,3.648446805806061,3.6349388574467865,3.670388006690884,3.473938857446785,3.631059277749212,1.856938857446786,3.625527650029973,,8.586298616919342,,7.17774677474022,,6.462353183266512,,5.931859422720596
KOI-7368,263.285461425781,0.9195414977245748,0.0628929437660109,0.0568336962178249,0.0689521913141969,34969040.59927734,7405496.204231141,7046750.726109158,7764241.682353124,0.0555768056314518,0.0971643752483803,0.0995551519789195,0.0947735985178411,0.6399503913993562,3.7518319870475154,0.879,0.036,0.0578,5.729005173975967,5.681449329554723,6.211742715174667,6.228523205745535,5.082818345362668,5.008664216091454,4.193865609461767,4.185022896112292,3.781865609461768,3.7094107494375774,3.691865609461768,3.616597585117441,3.661865609461767,3.5954729145921616,3.696865609461767,3.636504672708895,3.592865609461768,3.5819841086066493,2.650865609461768,3.581127533874293,,6.49330558998418,,5.683010632126191,,5.389515052674375,,5.220481931585608
DS Tuc A,44.1510124206543,1.0313756419225366,0.0544756912001793,0.0539753348934445,0.054976047506914,45013265.614632696,4204396.201911055,4271826.181019038,4136966.222803071,-0.0020357672915222,0.0982317745295032,0.0988504281009302,0.0976131209580763,0.3421316769910247,0.1694329455490962,1.01,0.045,0.0,5.116734005915546,5.0875348764201895,5.470839001643077,5.4848010497360935,4.584396817194836,4.544492938671948,3.8972966661328257,3.924186048718441,3.534296666132826,3.5607761931662822,3.451296666132826,3.502461475099757,3.542296666132826,3.4894623037329446,3.425296666132826,3.5111816682975303,3.503296666132825,3.4802072088704814,3.364296666132826,3.4802544622176104,,5.646289703204121,,5.081201308264393,,4.9048300411261385,,4.83151406130177
Kepler-1643,340.232299804688,0.9147157162894696,0.0792597027062494,0.0810131810874505,0.0775062243250483,36592900.54362082,8524248.764886163,7658645.076074295,9389852.453698032,0.0018537727276857,0.0993846246935022,0.0999013815348885,0.0988678678521159,1.207137948968329,17.64429135887199,0.845,0.046,-0.01,6.17722096700667,6.098460608479538,6.72599568624497,6.762269255525494,5.483478214931471,5.3392426849352,4.625122296047171,4.3695430543094655,4.10512229604717,3.854369309449585,3.9771222960471695,3.7317809439219687,3.3601222960471704,3.7086668779360745,3.3731222960471703,3.743017453190405,3.89912229604717,3.695746750175623,1.8731222960471705,3.694708158545012,,7.095603199381016,,6.149170726822106,,5.747859438094583,,5.484985772058531
TOI-942,150.904144287109,0.9528659084753198,0.0678564092621875,0.0652875746391341,0.0704252438852408,54249244.32978125,19046768.380781427,12620358.68523218,25473178.07633068,-0.2325425313431301,0.1020848437977393,0.0994388431919613,0.1047308444035173,0.8814704423437469,6.945900272479147,0.822,0.053,-0.221,5.736792779563478,5.66724679196818,6.21567270815228,6.183457632932432,5.086109376548279,5.034289966331436,4.337494165061479,4.251608142303468,3.853494165061479,3.829373245493029,3.745494165061478,3.7414908251671584,3.6824941650614793,3.7236890803358,3.715494165061479,3.7360354447446777,3.559494165061478,3.710680498127455,2.5844941650614786,3.708184884416864,,6.418140004360973,,5.712261248595362,,5.422117348056654,,5.249417598620417
TIC 434398831,213.246231079102,1.0858061337619396,0.0585448669442956,0.0560728875548457,0.0610168463337454,61019532.36453202,5900560.361296512,5792538.874202825,6008581.848390199,-0.0896760012445669,0.0986834485201104,0.0998274505783454,0.0975394464618753,0.8082304034851924,10.568917101156318,0.992,0.061,-0.081,5.125501130492795,5.065654754707463,5.486052010924896,5.531247144928804,4.587800477416595,4.484049590681709,3.945593179137795,3.782101076556024,3.5965931791377947,3.413012090478535,3.493593179137795,3.334913287697076,3.291593179137795,3.321614941079232,3.403593179137795,3.3301818671897205,3.3405931791377945,3.3130345473199405,1.7925931791377945,3.3128910448764977,,5.732217158668386,,5.109766960685376,,4.865224778779788,,4.730105386087488
TOI-6109,147.793212890625,1.0622242665832315,0.0522824088930008,0.050338577105067,0.0542262406809346,75009164.77429207,4976239.81778641,4975006.589872837,4977473.045699984,0.0856607070746787,0.0971241127635683,0.0971752984909282,0.0970729270362085,0.2604987498695592,0.370982890075867,1.03,0.075,0.0895,4.971155038202545,4.946175847011893,5.330640664423244,5.327809132802267,4.442596307123445,4.414992979403076,3.8077275479681454,3.820483178092777,3.467727547968145,3.4689262970703023,3.4027275479681443,3.4138857925190296,3.3847275479681453,3.4018545385859595,3.410727547968145,3.427178666514679,3.3747275479681456,3.394185841314874,3.1427275479681445,3.39529659860259,,5.480382743973116,,4.929764655752262,,4.771030035241619,,4.713853180734056
CoRoT-20,861.683959960938,1.351535469417481,0.1374739282717815,0.1331615127171941,0.1417863438263689,1032623978.0021662,86889129.44014528,1336617.5270269993,172441641.35326356,0.1099187947897874,0.1039530635718598,0.1108171303538763,0.0970889967898432,1.673986301644936,64.0017620065488,1.14,0.1,0.14,4.778708106965828,4.640062875966029,5.259075767488229,5.262096822827187,4.131662017793429,3.968463337116375,3.3142599563310284,3.0985766637632524,2.975259956331028,2.7150765914292188,2.8362599563310287,2.5896118673964685,2.7692599563310285,2.574996184176198,2.7832599563310296,2.5773927439421898,2.864259956331029,2.5723402333434846,-1.183740043668971,2.5756647221555893,,5.552965319315443,,4.765620131645631,,4.390296445545096,,4.137279526630154
Kepler-970,328.576721191406,0.7907375326669003,0.0569075794083203,0.0535830593296488,0.0602320994869919,105133704.6409354,10088272.17881263,10274764.079048485,9901780.278576776,0.0357629094493108,0.0962083694218198,0.0966606739478297,0.0957560648958099,0.990478486537876,32.326312075435055,0.67,0.105,0.04,7.204405115425454,7.148465297894382,7.905259416878053,7.9054285190766755,6.392683313667554,6.302672272800561,5.396816042244254,5.190179710164977,4.771816042244254,4.531556148648143,4.631816042244253,4.393277626429232,4.571816042244253,4.362594378679129,4.609816042244253,4.423975381471568,4.611816042244254,4.340384648305278,1.6148160422442537,4.334394135562978,,8.34192133016442,,7.172808424292175,,6.711456024200989,,6.4091195757903
Kepler-1928,325.444671630859,1.097953432892857,0.0584441147294522,0.0563145092006514,0.060573720258253,105036819.04610305,10038031.000256874,10130914.178802654,9945147.821711091,0.1127307582641013,0.0995937261400258,0.0987734694322077,0.1004139828478438,0.9038325998991458,24.657908408810822,1.01,0.105,0.12,5.042983740797755,5.288019733947665,5.401846617689854,5.815360820429214,4.5174328985125545,4.649362304718441,3.893614172926654,3.875115458441471,3.589614172926653,3.4704897934530567,3.5446141729266536,3.377667368239422,3.4976141729266548,3.362750365134388,3.5306141729266542,3.385437892878242,3.3506141729266545,3.356544560890097,1.346614172926655,3.3583434663418776,6.508314172926655,6.05827797322512,5.0294141729266535,5.324095222906182,5.091314172926655,5.037129543309362,6.010214172926654,4.86992839530232
HIP 94235,58.4520454406738,1.1431688969965732,0.0528880783299063,0.0502802200954468,0.0554959365643659,118092619.8328853,16736800.379673729,16599185.892419294,16874414.86692816,-0.0038854985779784,0.0984806281901009,0.0977808397865418,0.09918041659366,0.1106962952973537,0.4889613134773434,1.094,0.118,0.0,4.339208716817744,4.308397127344064,4.629398459859734,4.593825821790782,3.8723732180079353,3.8690127944692616,3.3670014337977245,3.40343814454955,3.132001433797725,3.124949649840352,3.047001433797725,3.090780814338839,3.007001433797725,3.083234021892064,2.9890014337977253,3.091908546535821,3.002001433797725,3.076902107120152,2.8940014337977247,3.0780811011921703,,4.680926341575082,,4.298359858709541,,4.213840051876852,,4.215216910413559
TOI-451,123.236480712891,0.9474353754235472,0.0625310609067865,0.060963280080683,0.0640988417328899,119943618.45024276,70257787.88954985,48604523.15289563,91911052.62620406,-1.0,0.4377800080100216,0.3833893419533162,0.492170674066727,0.9488724662324068,0.9213232657159708,0.95,0.12,,5.302353671894991,5.288843383168074,5.677459529744091,5.721501950932533,4.759877971516591,4.753131704396807,4.18230356203169,4.072701360516727,3.8333035620316913,3.725877289952368,3.73630356203169,3.6539648279840784,3.683303562031691,3.6411024470582056,3.7193035620316905,3.63662008471247,3.6633035620316914,3.621465541717156,3.17830356203169,3.611082841209992,,5.900416171589522,,5.378004804037599,,5.139346202844389,,4.999241752344997
K2-284,106.053291320801,0.6679111429243416,0.0453951327812353,0.0409864775175484,0.0498037880449222,175937391.34737304,260114476.8610717,149249644.43120876,370979309.2909346,0.0007778981873793,0.0987699381160477,0.1015335959852247,0.0960062802468707,0.4997797377016546,3.3528395002696927,0.63,0.12,0.0,7.723838747101309,7.719994374426796,8.54082197006281,8.51740904886512,6.8393382435613095,6.847653531815245,5.74037924392751,5.691399087756869,5.078379243927509,4.945562330756464,4.93037924392751,4.804065261553908,4.847379243927509,4.7659511669607,4.879379243927509,4.827260918817066,4.774379243927509,4.721034062275323,3.83337924392751,4.700290043650639,,9.057878156846582,,7.73646555768818,,7.246779440112119,,6.940252638479276
TOI-1860,45.7141609191895,1.0237599153078942,0.0494909318490345,0.0468431426268933,0.0521387210711756,133082318.50908546,26818650.409021683,26624154.241697,27013146.576346368,0.0360173960796442,0.0966399508096882,0.0969338658273333,0.096346035792043,0.0849753543693545,0.3287420790702811,0.99,0.133,0.04,4.936975583595589,4.922263255340852,5.27363787607606,5.264376399332236,4.432677373451549,4.419666785788824,3.889746236366589,3.870565614913642,3.580746236366589,3.529309999850476,3.4917462363665885,3.4849974314279497,3.3957462363665885,3.4733468774673835,3.378746236366589,3.4981697347196787,3.428746236366589,3.4643550139360286,3.296746236366589,3.464706767022632,,5.392107147539346,,4.892914520684684,,4.76742791981519,,4.738312974273871
Qatar-4,323.455108642578,1.0021664190852924,0.0576961386700858,0.0567185628620163,0.0586737144781552,170037726.5742703,9915490.012886005,10029218.993583828,9801761.032188175,0.0929636006444893,0.0979767939389568,0.0974068496955949,0.0985467381823188,0.9521246420937282,26.53404286791138,0.896,0.17,0.103,5.8513348562758205,5.792164370813987,6.318607614759721,6.375702791974189,5.222242639784121,5.099146572365701,4.48092992616112,4.24259009709485,4.081929926161121,3.782775577881509,3.9699299261611207,3.678538411869442,3.89692992616112,3.6594938263998698,3.9539299261611207,3.692447080853993,3.636929926161121,3.649980031355716,1.2069299261611208,3.650526633283863,,6.658272438019261,,5.822967317081134,,5.492692468351855,,5.290735381116287
TOI-251,100.754600524902,1.0330964525206645,0.0515382718083368,0.0497943128078044,0.0532822308088691,179805374.29920444,101610462.9115994,68355567.77163422,134865358.05156457,-0.105780836749042,0.0991574608954938,0.0990656896077993,0.0992492321831883,0.1272601913083609,0.0533826301059467,1.036,0.18,-0.106,4.744809720379124,4.746918797427949,5.066249463421084,5.061843093471358,4.259655568462625,4.274164435419596,3.749675572735084,3.7577276447436927,3.4816755727350834,3.441729498007593,3.4096755727350843,3.403006486383993,3.355675572735084,3.392656339638999,3.3826755727350832,3.404542650363547,3.3516755727350844,3.382841506584727,3.4736755727350843,3.382150853456921,,5.169437136554655,,4.733784812517374,,4.622044064347999,,4.601404552982257
TOI-815,59.3725318908691,0.8227552423643809,0.0488419504415094,0.0474571547701837,0.050226746112835,218693588.85590896,183110353.5902604,95961225.48325804,270259481.6972628,-0.0918227444313757,0.0982203956841407,0.0980873682758205,0.0983534230924609,0.1437426764517703,0.6506306332816656,0.776,0.2,-0.09,6.076763810830569,6.053926714683758,6.559545221047848,6.523584713544818,5.434487046914549,5.433143469690369,4.66307215281055,4.687841767414102,4.19807215281055,4.200277492487317,4.131072152810548,4.130504799948864,4.017072152810549,4.1082731813038205,4.109072152810549,4.153303765160257,4.0960721528105495,4.089554119870931,3.778072152810549,4.085684736711738,,6.747358789604847,,6.017441671284619,,5.793179426869829,,5.684961619288279
Kepler-529,2782.16625976563,1.2444816258791649,0.0707553565262127,0.0584848366331027,0.0830258764193228,4298414734.62438,938988524.994808,1224295207.7503629,653681842.239253,-0.1732182481863048,0.1040941650091994,0.0851539912124065,0.1230343388059922,0.0,35.21897688226017,1.07,3.98,-0.1,1.5597570803168654,1.5989000878521664,1.791205253839765,2.05287761654158,1.0450113680365654,0.9995423490043204,0.5640846025946651,0.2593812104889106,0.2440846025946648,-0.2373176152060568,0.1960846025946647,-0.3063400314743105,0.1550846025946661,-0.335716628799737,0.2030846025946662,-0.2816531701123833,0.1270846025946657,-0.3637599539702926,-2.924915397405334,-0.3693339772888587,,2.2699522420622205,,1.564029236573662,,1.3560867796357228,,1.257774363585553
KOI-1783,851.786682128906,1.2382152679750067,0.1060431074529626,0.1286861068485483,0.0834001080573769,1453041299.7573023,357762565.069721,11474557.353505578,704050572.7859364,0.0822351869753979,0.0942265591302706,0.100272728737882,0.0881803895226592,0.583660347604413,41.27713423111473,1.076,0.2,0.11,4.242876068817742,4.171790768087686,4.555141464935842,4.552166262810491,3.773322121369041,3.670097591331401,3.265345772492042,3.0915671849265984,3.002345772492042,2.7889054731231013,2.9693457724920425,2.7280513537058217,2.915345772492042,2.718568146720029,2.952345772492041,2.7235148385539447,3.147345772492041,2.7133029473429326,-0.2816542275079587,2.715131919320885,,4.695780327870111,,4.204689513886673,,4.037380124557093,,3.9657005989495406
Kepler-1733,2010.99426269531,1.4606653237311569,0.1199681846695239,0.1055362749094135,0.1344000944296344,2429185968.630387,557069716.7008762,727907.2513415928,1113411526.150411,0.1895219471784549,0.1092472049590285,0.1115294644247769,0.10696494549328,1.148361966362071,81.88855754810714,1.273,0.2,0.24,3.827859324817352,3.7131641842014815,4.147451800708453,4.249033033760636,3.3470672792241523,3.0891135281155857,2.8289458421513523,2.320275748378053,2.570945842151352,1.9535667602151887,2.463945842151352,1.852111138191481,2.531945842151352,1.83786852731204,2.646945842151352,1.8483420188409527,1.0829458421513518,1.834343925225536,-2.099054157848649,1.83813444977196,4.184045842151352,4.48817054613338,3.781145842151352,3.781454575935552,3.6511458421513527,3.485974255977834,3.608745842151352,3.3059636382543456
TOI-1224,37.2762184143066,0.4315858255310139,0.0354403823417961,0.0351208516922293,0.0357599129913629,209943318.60327032,27388748.232813984,27140705.172371656,27636791.29325632,0.3321515658676362,0.4610355530393362,0.4892804194612823,0.43279068661739,0.0,0.3092044569710294,0.4,0.21,,9.910774606764456,9.91519180290748,11.319243806898758,11.28715751596414,8.743747133314757,8.810316126443357,7.160840761244458,7.131201119532807,6.547840761244457,6.465745460414137,6.276840761244458,6.2685895329003705,6.178840761244457,6.182182405146948,6.032840761244458,6.052873153841621,5.900840761244456,5.948944228836519,5.678840761244457,5.86979964187174,,11.787295600647392,,10.507909826233208,,9.291040401599728,,8.592980179559612
Kepler-63,193.991058349609,1.0245976881560217,0.0509811017022755,0.0483950363460483,0.0535671670585027,210235057.54112315,46001023.15699515,46210261.30767095,45791785.006319344,0.0453771991697853,0.0986202492716073,0.0986054556296809,0.0986350429135337,0.2829643781888923,2.38059507732845,0.984,0.21,0.05,5.096996322288286,5.075106163587763,5.4652767330548855,5.467146348231192,4.561551108970386,4.534103208515476,3.9600914379498846,3.9219705643461897,3.6570914379498856,3.558869620790805,3.5580914379498854,3.501951889759352,3.514091437949885,3.4889964385672747,3.5640914379498856,3.514314317742393,3.5320914379498856,3.480110133892011,2.751091437949885,3.4805469678912955,,5.626389175618351,,5.060626964539365,,4.891865256158623,,4.825992447890689
Kepler-411,152.958023071289,0.8993052284122742,0.0526988547988137,0.0492700683133086,0.0561276412843188,212078957.12875265,30917065.96355097,31117856.760183245,30716275.16691869,0.2086417198048355,0.0985307900347015,0.0992184296629755,0.0978431504064276,0.5863692160635531,1.827204097419091,0.87,0.212,0.21,6.303575305666721,6.277117867658661,6.843086032595419,6.880690120664035,5.61669424029812,5.553751773348392,4.71813869067652,4.655704091607461,4.23813869067652,4.12009635782795,4.13913869067652,4.014803936611711,3.99713869067652,3.9903020289444697,4.02913869067652,4.049189757894847,3.957138690676521,3.9760110655785112,3.3461386906765203,3.974717561744593,,7.202481207721552,,6.263095395360905,,5.9362453590809,,5.745076165666094
Kepler-279,1045.31408691406,1.3772743763399846,0.1130040602954296,0.1209221826813169,0.1050859379095423,627658795.196396,5061482.979152134,2727310.26845306,7395655.689851208,-0.1018185282693856,0.0846588758670767,0.0881177511443968,0.0812000005897566,0.3180953113881135,41.54129213965415,1.2,0.22,-0.1141,3.476001091940205,3.3392968320590133,3.724244423849406,3.5762793118184586,3.0756028375456044,2.9938647732745123,2.627765984518305,2.619303548406628,2.4127659845183054,2.4307698895684005,2.4127659845183054,2.3968109087702154,2.4047659845183045,2.3920822324554565,2.4107659845183047,2.3913380133464286,2.604765984518305,2.3870447417403526,-0.6572340154816949,2.388311308166464,,3.619287004122819,,3.3817938221230084,,3.343616575417904,,3.368472012702724
Kepler-1903,1732.83288574219,1.277106129037651,0.1046600882453323,0.0950545289941368,0.1142656474965277,2057908623.8484392,793548.6333644881,480201.9792542355,1106895.2874747408,-0.357879137751682,0.1009447985412318,0.0942797001883952,0.1076098968940684,1.3689939556328994,66.27182486644779,1.053,0.23,-0.34,4.135233278435408,4.03355747968806,4.452399606865606,4.52890833822606,3.653243417900807,3.488448105505171,3.1212165929496063,2.7693083816216006,2.8552165929496063,2.4538454288338105,2.786216592949607,2.356191593682861,2.769216592949606,2.342976313961581,2.8242165929496075,2.34039958642873,2.147216592949606,2.3311587208928106,-1.3037834070503926,2.327391434047514,,4.731593373464949,,4.164649303550866,,3.8934399518720046,,3.715561133374361
Kepler-1764,1504.12658691406,1.368237000056422,0.1188370571095147,0.1097815666534622,0.1278925475655672,2141734239.8964984,256028184.38211545,587834.1557798823,511468534.608451,-0.1801145168187871,0.090260499002792,0.0924020215858533,0.0881189764197307,1.3291682920679666,72.27712961069165,1.162,0.24,-0.14,3.847646931005613,3.771873359088634,4.165056446386513,4.282597201119059,3.368595341039814,3.2002447918821764,2.854578060461213,2.462188159545018,2.5665780604612127,2.131441540317766,2.562578060461213,2.0314847654102413,2.5185780604612127,2.0175697486091213,2.578578060461213,2.015711434108053,2.132578060461213,2.0086579514927148,-1.8054219395387872,2.007936979088078,,4.497259518445867,,3.8865406792663193,,3.604056120577711,,3.4218738869942147
TOI-1268,109.761276245117,0.9635383193672864,0.0445140380693729,0.0410976355974949,0.047930440541251,245073066.407146,124122799.87722027,104703111.56445976,143542488.1899808,0.3609585546347819,0.0887192542758718,0.0934057816655261,0.0840327268862174,0.01350218540595,2.1602670953178533,0.96,0.245,0.36,5.487461061694143,5.563874737665091,5.929095239855743,6.011683754360321,4.886635751940643,4.962708409695985,4.197754259325944,4.28014931105351,3.831754259325944,3.844136275158036,3.708754259325943,3.774058601683025,3.683754259325944,3.754748026236607,3.738754259325944,3.8163609206567,3.6437542593259433,3.7452876461236935,3.675754259325944,3.746760183139114,6.255754259325943,6.23506837364407,5.455754259325943,5.499296178982775,5.239454259325944,5.31370620947539,5.933954259325944,5.244152893673135
HD 110082,105.030822753906,1.219713227470714,0.0566505205907656,0.0536657500985642,0.0596352910829671,250136992.923087,65322655.74456537,69972633.20942187,60672678.27970886,0.0787670713037501,0.0996973171562889,0.0986003558728304,0.1007942784397474,0.0704176437434613,0.0757564735351076,1.21,0.25,0.08,4.015549417389943,4.006956644079301,4.269748445405083,4.270285213974471,3.5997683962717844,3.590790311058716,3.165416162385064,3.16233379363632,2.907416162385063,2.9081543327347723,2.8954161623850645,2.877522619781645,2.858416162385064,2.87157968464098,2.879416162385064,2.879498590603456,2.8764161623850635,2.8675917872470937,2.744416162385064,2.8701319521434976,,4.34213775962856,,3.9953337533225497,,3.9324038762767977,,3.951654306060928
Kepler-394,1028.03540039063,1.1197248346233253,0.1162729451952911,0.1055711158576229,0.1269747745329594,957010577.247494,4578443.505079004,1539492.699527389,7617394.3106306195,-0.3173152898024907,0.0994402215103464,0.0915427866237725,0.1073376563969202,0.8154010593320696,58.41886961257805,0.87,0.25,-0.3,4.69760716512484,4.581442818647444,5.01685631826204,4.989054579837208,4.211382036950939,4.067891801103407,3.663959650781539,3.439871412024085,3.375959650781539,3.1214050488236853,3.323959650781539,3.053965591457544,3.269959650781539,3.0427029870946747,3.3409596507815387,3.040168874838368,2.90395965078154,3.02998371352273,-0.5060403492184609,3.026096485192056,,5.148523386954429,,4.650447575118163,,4.446475297009872,,4.338154656661189
Kepler-59,1168.5068359375,1.2910329778997167,0.1239158670759159,0.1088344952517073,0.1389972389001246,2213446273.31834,1985266.111571372,776653.3955251644,3193878.827617579,-0.2420068643160499,0.1016092495315614,0.1165882950063313,0.0866302040567914,1.0924193400516151,52.81259853214076,1.04,0.26,-0.2,3.9284710245939376,3.827585018438613,4.234706338009538,4.2735542588479305,3.456592019161837,3.3076002301612464,2.9148437128874374,2.647594922337792,2.635843712887437,2.3432892511946606,2.589843712887438,2.260065210683788,2.5488437128874377,2.2479335539855687,2.5698437128874367,2.2455200037872087,2.0988437128874367,2.237289003171146,-0.9181562871125628,2.234927006893172,,4.448236265443869,,3.927952029959829,,3.698934688424577,,3.561669158601683
GPX-1,665.676208496094,1.7498652617886994,0.0840982545551608,0.0827330618423431,0.0854634472679785,288689891.3609477,140932323.27937376,83432464.58958545,198432181.9691621,0.3728365125508735,0.0856403631428827,0.0906885216451905,0.0805922046405749,0.7512251026384272,28.165757447831293,1.68,0.27,0.35,3.096444794667951,2.995174231233639,3.34514970494625,3.3376466797520705,2.698908516896952,2.577714686097323,2.24068482304925,2.102540296611201,2.1046848230492508,1.899521593911174,2.06468482304925,1.833228494119279,1.9836848230492503,1.8272710931704388,1.9916848230492512,1.8299572318138528,1.7286848230492513,1.832896484438492,-0.7453151769507489,1.8420314560672009,,3.4451357040536505,,3.0614078029157303,,2.948033844237582,,2.909987407053793
Kepler-1762,1549.29907226563,1.440834360166708,0.1116607298920656,0.1086044104897607,0.1147170492943705,1747024524.6467686,1861511.082914915,556459.5192647523,3166562.646565078,0.0382954523704502,0.1008044453068925,0.0877131270842381,0.1138957635295468,1.629007779261441,85.70899951594065,1.298,0.28,0.07,4.119652408375277,4.053120272721084,4.4141632497448775,4.648522512022232,3.660413402332777,3.41162793665973,3.199323695911877,2.576551199802615,2.903323695911876,2.2136518334440014,2.9233236959118774,2.092412153512352,2.8413236959118766,2.0774918259614403,2.866323695911877,2.0776305566769024,1.4093236959118762,2.073241122785818,-2.037676304088123,2.0758302640432813,,4.918212363684231,,4.1823266490059865,,3.830781251216132,,3.5934724926893926
Kepler-265,1345.48107910156,1.247743293952519,0.0957861778721214,0.0896144003707467,0.1019579553734961,2056223621.132962,700639.3434939949,402131.6791803688,999147.007807621,-0.1522828808758228,0.1036424921665889,0.1090089276340638,0.0982760566991139,1.5996375669283232,102.47056841352436,0.97,0.28,-0.11,4.695412860387194,4.571365789543669,5.025274501317293,5.158302604659983,4.193499789708493,3.9311915252597687,3.6076120257313935,3.085748490006777,3.2906120257313933,2.705334599746088,3.252612025731393,2.589757224583648,3.281612025731393,2.5740335348503067,3.2886120257313927,2.571562807400755,1.515612025731393,2.562704354975888,-1.858387974268608,2.559890582950896,,5.424947015603554,,4.705704867149374,,4.34970367541876,,4.107784776814094
Kepler-216,1147.69482421875,1.354094791507768,0.1261409225450468,0.1160289826516935,0.1362528624384,1882311652.2918644,2655808.091659138,818007.9059583265,4493608.277359949,-0.1794832851210914,0.0907020862229999,0.0931240642330934,0.0882801082129064,0.9058904302989176,49.23220864882028,1.126,0.28,-0.1489,3.649083369122668,3.548299162183909,3.955682032452767,3.94146940723415,3.181568377362467,3.0754761927258745,2.656867884503568,2.491966906613327,2.395867884503568,2.222509433819592,2.3218678845035683,2.150577668316764,2.331867884503568,2.1402962959937586,2.339867884503567,2.138623583222368,2.530867884503568,2.132230504712943,-0.9641321154964312,2.131783741108182,,4.081688251660188,,3.63458170196857,,3.456532411907108,,3.361671731702088
Kepler-31,1598.03674316406,1.3622642194464134,0.1118530094348412,0.1127017274036858,0.1110042914659965,1571599858.8478477,3969223.061216527,849254.8799194817,7089191.242513572,-0.0928509960613024,0.1018213480259274,0.1057641984003723,0.0978784976514825,1.4536433298454818,75.83495406731252,1.21,0.28,-0.076,4.193650287729847,4.106993263118135,4.504880947214746,4.63978073084138,3.717528385264046,3.524326643998499,3.215066196543347,2.767324012492125,2.9660661965433466,2.4370741202711548,2.853066196543347,2.330561444799258,2.875066196543348,2.317272413569781,2.921066196543346,2.3161673005888863,2.231066196543347,2.310874371487931,-1.7299338034566532,2.3115655420126955,,4.8687474916773,,4.232738932801819,,3.9336557812962143,,3.737253821260712
TOI-1431,149.100784301758,1.9146217485989536,0.0869576924289639,0.0852133455054369,0.0887020393524908,386566277.6729711,223104105.57816583,201584865.5063295,244623345.6500021,0.0937649543256116,0.097782793438942,0.0992648352566412,0.0963007516212428,0.3479919386921328,0.2317080272245887,1.9,0.29,0.09,2.12259440937169,2.078871358680394,2.2389398149503013,2.223551298763496,1.8935671381009307,1.9033771703837847,1.673600360299421,1.6964877646386034,1.5846003602994203,1.6224141253246869,1.5716003602994206,1.5922019546577242,1.4676003602994203,1.5893166670547263,1.5626003602994205,1.590589252758874,1.5786003602994203,1.5916810594898076,1.503600360299421,1.598833183895454,,2.1882535309716,,2.175284987145084,,2.253703544487612,,2.3394177779084946
TOI-6016,359.214111328125,1.4295401815133062,0.0709586197882307,0.0703037974338094,0.0716134421426519,308226898.5547988,120469417.43118843,130219142.85052004,110719692.01185684,0.2736049765844272,0.098358813434191,0.0998896896497436,0.0968279372186384,0.9292403104442756,7.471563904630422,1.31,0.3,0.28,4.133227179828058,4.037283675939551,4.554339240374958,4.485015299069094,3.5441444619325573,3.496932146834593,2.8522330544618573,2.8588306009499576,2.531233054461857,2.559838839176797,2.447233054461858,2.4770309477538803,2.3772330544618576,2.4681539739760803,2.4172330544618585,2.4750012836370665,2.344233054461858,2.4702473417230832,1.2672330544618582,2.4765539645951336,,4.6687260862208735,,4.096062836491497,,3.87950289559892,,3.76587667272205
TOI-2048,115.922576904297,0.8316654579707669,0.0415115224918173,0.0378639183539151,0.0451591266297196,300029181.80426913,50497399.28406459,50611521.91148859,50383276.65664059,0.0211002096699344,0.0982513239012021,0.0966678378984149,0.0998348099039894,0.0562028982118453,1.196346504705629,0.83,0.3,0.02,6.001017318731357,6.070222409740823,6.468212829595558,6.547154969711015,5.370793090826057,5.441883115252289,4.574159866338757,4.689394780420001,4.219159866338757,4.186880164904274,4.1181598663387575,4.116060959585141,4.056159866338758,4.093550579248409,4.108159866338758,4.147022378177627,4.018159866338758,4.074867075864554,3.9211598663387583,4.071168214705963,6.790359866338758,6.786484524410772,6.028059866338758,6.021926661986544,5.797459866338757,5.799192912345228,6.185159866338758,5.695359644062646
TOI-2266,51.7344512939453,0.2845524412178472,0.0390487934902341,0.0408400773443524,0.0372575096361157,295314744.86375546,105720605.22229315,106963730.27723764,104477480.16734868,0.1959528903402013,0.3936827223802535,0.486929205274729,0.300436239485778,0.0,8.780872401093887,0.23,0.3,,11.235612787763902,11.191957314944242,12.872651972334204,12.87969160082294,10.003380693952804,10.00633808785533,8.2751007638381,8.092324017590494,7.714100763838101,7.468234743880577,7.448100763838101,7.248921759732353,7.266100763838103,7.097524173639969,7.075100763838102,6.898813332145724,6.909100763838102,6.759172401793108,5.293100763838102,6.669461964153994,13.448900763838104,13.461184011225496,11.975200763838105,12.048641197000812,10.503100763838102,10.545929079592304,9.721900763838104,9.689440962476937
Kepler-864,2061.53833007813,1.41906353671664,0.0994481044561829,0.0988976570358073,0.0999985518765584,3558927433.895128,2217258212.551629,3015271249.567966,1419245175.5352926,0.3499999071704281,0.0929777527409493,0.0946189627931852,0.0913365426887133,1.3641191146403269,88.089875648454,1.27,0.3,0.36,4.19756423875975,4.206039300667927,4.561433905813052,4.939062867933412,3.66742908403565,3.396317942851266,3.1050429298608506,2.358424239159601,2.813042929860851,1.830426669747613,2.6470429298608504,1.6850214572444744,2.67704292986085,1.6572133962710152,2.742042929860851,1.70941634632919,1.1820429298608506,1.647014110197307,-2.35195707013915,1.6500801836935906,,5.326988683087126,,4.255888834415714,,3.813239066076173,,3.51924049825765
Kepler-1851,1438.13745117188,1.1139628452523245,0.1226879495143063,0.1511351981559822,0.0942407008726304,4621174200.565466,2371282830.2341967,2723212147.8183765,2019353512.6500163,-0.3168958695352336,0.0940494827648554,0.0965598879835501,0.0915390775461606,2.152447262374177,88.89812192365977,0.967,0.3,-0.28,4.841212710744463,4.821161688778212,5.207745036489062,5.593568697263155,4.311962565785963,4.028232503015859,3.7349980195823616,2.93022024015948,3.3519980195823624,2.434941772257404,3.172998019582362,2.27812962392775,3.227998019582362,2.255266774848283,3.2809980195823627,2.2538131046488665,1.6639980195823618,2.236480391396478,-1.771001980417637,2.227978009438856,,5.974350795233917,,5.00879458537648,,4.481660849182331,,4.100254334217171
Kepler-1866,1012.67572021484,1.1989042991677508,0.1232224874467502,0.1175289297172732,0.1289160451762272,4916852962.845767,1386479929.338101,1006620.6776391928,2771953237.9985623,0.0999999997401061,0.1034045970743308,0.0998539365320336,0.1069552576166279,1.1982187079150497,70.02097988313311,1.03,0.3,0.16,4.3262199042117935,4.298532986427043,4.669234621313793,4.8744695821110415,3.8238881705081935,3.629785783666892,3.2486480124270933,2.7893121004045547,2.9666480124270933,2.371351575714282,2.849648012427094,2.2646345015869507,2.892648012427093,2.24728681621527,2.9536480124270934,2.259960339266128,2.5076480124270937,2.2382586016840644,-1.467351987572906,2.238892941272402,,5.141851535857961,,4.367674320207845,,4.031916743674987,,3.819032495820628
Kepler-1165,1522.91320800781,1.3066640971447718,0.0693112128432815,0.06640673792217,0.0722156877643931,3405993773.2882066,863213470.1634952,925858524.0269234,800568416.300067,-0.0872591089850275,0.0973490202400477,0.0977980618161037,0.0968999786639917,0.7453357357498596,50.62820190686631,1.13,0.3,-0.04,3.467099277922703,3.4534714994488893,3.7822647976370014,3.935048276726868,2.9895945476981023,2.857777144527299,2.448624233672202,2.1230626999760083,2.166624233672202,1.72417599612286,2.1566242336722024,1.641862723730848,2.0776242336722017,1.6235828103460417,2.1456242336722013,1.63924017004552,2.1296242336722013,1.6086761507796163,-1.360375766327797,1.6068618924998694,,4.145053556860296,,3.491780516476377,,3.23888036868022,,3.0950666979457635
Kepler-1778,1249.12377929688,1.2721928563520264,0.0996845150419987,0.1140049179745945,0.0853641121094028,1403905387.2274604,70790388.15707389,3629533.28634502,137951243.02780274,-0.0783018965699041,0.0974531835611061,0.1006425433753943,0.0942638237468179,1.3716999513935777,62.25334904366447,1.143,0.3,-0.06,4.548068124731218,4.472923130877033,4.872699815710218,5.006990906347014,4.058857995947118,3.872794652854713,3.523972619970518,3.1014164406901203,3.2059726199705185,2.7492051338240886,3.2479726199705183,2.646541550659558,3.1549726199705184,2.632991811569892,3.217972619970519,2.631774239093322,2.4339726199705183,2.6247579852402905,-1.040027380029482,2.6241524062610546,,5.241661076508054,,4.585242338322365,,4.278982370600971,,4.0815067280189545
Kepler-254,1306.71411132813,1.043181392354024,0.1364207968198592,0.1127862706841261,0.1600553229555923,6217173174.190543,4682055.815708026,1250536.0994948838,8113575.53192117,-0.1716875664039447,0.105140031183386,0.1098864854904394,0.1003935768763325,1.8904554842573984,89.46269222360436,0.849,0.3,-0.13,5.245302348038713,5.205886312973029,5.616959719559711,5.9268597954476,4.705269961258912,4.430906778712222,4.094097094437613,3.393588579832354,3.687097094437613,2.907144503810464,3.673097094437612,2.7645141414211976,3.607097094437613,2.7423576068326114,3.631097094437612,2.7431561433012166,2.1010970944376126,2.7277061004782124,-1.2949029055623882,2.724122840052198,,6.283328043525472,,5.344242097204189,,4.868923265562724,,4.532434128446606
Kepler-1787,767.971801757813,1.0999199069970795,0.0784910494407697,0.0825028385423605,0.074479260339179,1899341429.6490223,461051796.3441228,15322413.52969851,906781179.158547,-0.2336888207404635,0.0933745541576984,0.0940504744798447,0.092698633835552,1.2681629267922547,40.66752177044322,1.008,0.3,-0.22,5.021271676963586,4.974033660141599,5.357180566734087,5.509594604234506,4.520987482017286,4.354767204699216,3.942273630088586,3.5623528918818743,3.626273630088587,3.17902902899901,3.5612736300885857,3.0806893046746304,3.493273630088586,3.0655468580571075,3.5662736300885864,3.063988962167737,3.058273630088585,3.0531731841144323,0.0932736300885856,3.050007183255913,,5.750168129599945,,5.072276343099717,,4.757694790634506,,4.556800418336041
Kepler-1670,1974.7939453125,1.3329996010150973,0.06468792870815676,0.06355859173267442,0.0658172656836391,3073765059.603427,712229258.0082164,664071206.5092998,760387309.507133,-0.16882059591019433,0.09674150998172526,0.09772513682071385,0.09575788314273667,1.6273544835920704,93.71730470987501,1.05,0.3,-0.08,3.929286702465136,3.9174698838550994,4.269465192150236,4.61732075492736,3.423429234813737,3.1518601230504193,2.8873910649529364,2.1372473767166857,2.468391064952936,1.6393742294520504,2.5413910649529363,1.5028663237532327,2.359391064952936,1.4784445455488981,2.378391064952936,1.4924232489583427,0.9913910649529356,1.462171916851923,-2.5136089350470634,1.4595127539996113,,4.961189502687534,,4.024946255681828,,3.5790506272148743,,3.2695665080593805
Kepler-53,1386.42138671875,1.203880273266009,0.14214906022809565,0.10866317596270447,0.17563494449348682,4044226725.1167636,1263568727.8893328,639490.7197662911,2526497965.0588994,-0.048566993349475084,0.09583487239766962,0.09816343847024685,0.0935063063250924,1.711664328680765,87.42103472232289,0.98,0.3,0.0,4.6667482722420015,4.6265848320296605,5.033178554834702,5.29415577262607,4.133802639307403,3.898638928105826,3.542523754419703,2.9396857211146106,3.1965237544197027,2.4924809023879115,3.0975237544197025,2.3612023063716814,3.1425237544197024,2.3416025794977013,3.1615237544197026,2.343092169737658,2.2115237544197015,2.3301358429083905,-1.760476245580298,2.3286204851770487,,5.615495955255427,,4.75040597419019,,4.326103660517064,,4.032840833955672
Kepler-1976,1303.44677734375,1.1795671497531677,0.11805986493706677,0.10448273222438487,0.13163699764974868,3518481438.698597,4853196.239073538,1382399.107878827,8323993.37026825,0.057743923966644545,0.09738568973903011,0.09874412927563253,0.09602725020242771,1.1578822172194103,63.54173174738457,0.976,0.3,0.1,4.669906258975153,4.601520150113675,5.0288616422759524,5.141834508336233,4.146793961917053,3.968383559174897,3.5475334867583523,3.175839706252403,3.2395334867583525,2.7849622917710413,3.2295334867583527,2.686113323734702,3.1805334867583532,2.670822407958279,3.2265334867583526,2.676839803941277,2.5315334867583523,2.6623836603991196,-0.9274665132416473,2.6626495287400513,,5.386292345673955,,4.676025329815303,,4.366878018807246,,4.174702395408288
Kepler-1905,1041.77001953125,1.1643010469592712,0.10255912699884251,0.11644917042353331,0.08866908357415171,3512623819.983585,459727792.7023676,7254918.819862838,912200666.5848724,0.1340528233104585,0.09326659170148865,0.09259166902457182,0.0939415143784055,1.223284578841355,51.24606877001824,1.038,0.3,0.16,4.888404175729981,4.838071286719718,5.245665833444782,5.411801551875084,4.364811226816382,4.174034706574563,3.773140725107382,3.3427867881348226,3.3991407251073813,2.933918720694132,3.398140725107382,2.8272845113610914,3.3511407251073813,2.8114693205319314,3.4131407251073824,2.823891821739508,2.625140725107382,2.8048757799499353,-0.44585927489261756,2.806391890379711,,5.67911835138144,,4.90985922808689,,4.576540820147207,,4.366183061592172
Kepler-1678,846.265625,1.1207666781294914,0.07936769506327457,0.08481347994087995,0.07392191018566918,2016914864.0877063,487158857.1564617,17020272.700089563,957297441.6128339,-0.013104378300886078,0.0984602701485319,0.09807553242899054,0.09884500786807324,1.4128414647885998,52.489233309198916,1.03,0.3,0.0,5.2572275837584215,5.2094160075383495,5.621244116656321,5.8148451979452345,4.7228962620420205,4.524736613282682,4.135466498248121,3.649458441826448,3.7514664982481207,3.227317242835731,3.733466498248122,3.1129267311313464,3.5624664982481207,3.096315903439157,3.560466498248122,3.1029889966227073,3.1764664982481214,3.0882093479473416,-0.2825335017518782,3.0884201894933496,,6.101556866191017,,5.303155440825158,,4.936580369479085,,4.695996639227059
Kepler-1734,1493.58654785156,1.2321836777970587,0.12134831220743603,0.13056723007539728,0.11212939433947477,3627708817.8087373,2085569863.707136,3998133.0573130026,4167141594.356959,-0.1406367419438996,0.103887763433159,0.10562695828518996,0.10214856858112806,1.7380592490336289,82.75940696012002,1.05,0.3,-0.1,4.434339480256133,4.401458242035416,4.776772456025233,5.054280746107695,3.9243917034617333,3.694302426292938,3.349848032807433,2.7544124942760533,3.062848032807432,2.323350321417158,3.012848032807433,2.1939085574214094,2.969848032807432,2.174630459178787,3.019848032807433,2.1727173403569067,2.0608480328074332,2.161615642065464,-1.8641519671925675,2.158727491589569,,5.363360955059855,,4.536317858049022,,4.122275741163861,,3.8340777185557093
Kepler-1831,1094.9658203125,1.2170424029858815,0.10437040772946349,0.11148662646429774,0.09725418899462923,3570675403.9696374,294515240.7271423,1868476.3689176552,587162005.0853668,0.04230172716021088,0.09928790026944018,0.09616835200388854,0.10240744853499183,1.618664354319316,76.58089489418862,1.117,0.3,0.07,4.802446916145348,4.765518571712322,5.152653291267448,5.41794562428798,4.291627481025747,4.0471207233202815,3.7039971862259478,3.1121031929200007,3.414997186225948,2.6724511825471695,3.340997186225948,2.545255460159855,3.3119971862259483,2.52678719419522,3.318997186225948,2.53197020886329,2.206997186225948,2.51767241787046,-1.4170028137740527,2.5176242858266793,,5.731438451616168,,4.877227001494707,,4.469721391167456,,4.192636151865185
Kepler-1785,732.975463867188,1.093577621650958,0.12573083501306115,0.14065343041961031,0.11080823960651198,2662952886.6243863,92793839.90091209,7059221.778478477,178528458.0233457,-0.024447264427074983,0.09717227772838874,0.09081368058841024,0.10353087486836723,0.7741937477535272,37.54518789526949,0.911,0.3,0.0,4.825940983297418,4.760648622055599,5.185570614339818,5.214503471959434,4.304998295309117,4.189700051330405,3.7245528149624185,3.502958740747918,3.406552814962417,3.1416677377354083,3.334552814962418,3.065910754754769,3.2855528149624185,3.052719062038686,3.321552814962418,3.0603101016687932,3.2515528149624178,3.043810206794029,0.24255281496241743,3.0436269306373545,,5.40689448557948,,4.803293837153961,,4.568979559314409,,4.441905143308017
Kepler-1724,1051.67419433594,1.1724075682503907,0.11845534606515895,0.12355429126566997,0.11335640086464793,2882665357.7661085,4749224.232357957,1368372.1849962447,8130076.279719669,-0.24983956931885706,0.10357620259192589,0.09645952914684114,0.11069287603701064,1.5374908927565298,59.62940260810613,1.016,0.3,-0.22,4.695818331325631,4.6297098387385605,5.053635981166931,5.207921895667944,4.166442301357431,3.9900955338666515,3.556593912685532,3.1433979120612183,3.2435939126855313,2.7526360102037453,3.224593912685531,2.6410369140467296,3.1135939126855323,2.6244790299929077,3.194593912685532,2.620895340631327,2.6005939126855324,2.6094875297382583,-0.9054060873144678,2.6040781249682534,,5.470309096176712,,4.760095564605594,,4.406318928133577,,4.166482887748746
Kepler-1738,1252.93249511719,1.18282946182007,0.09660469299215901,0.10733501024251435,0.08587437574180368,2713725352.2022166,322136669.6199031,3850383.14889365,640422956.0909126,-0.039478041834002324,0.09676572124540983,0.09415773843463987,0.09937370405617979,1.5449971310131154,61.8890561395493,1.079,0.3,-0.02,4.916030847745072,4.8653289959920345,5.284117662625471,5.477245626897084,4.381844484524873,4.186441673340857,3.7573616354037718,3.3043865466998676,3.4703616354037727,2.8922172153124377,3.3613616354037728,2.7739773801069068,3.398361635403772,2.757164340350318,3.4403616354037716,2.758030170216985,2.705361635403772,2.7475176792211924,-0.8696383645962289,2.7465661077088734,,5.764499288414702,,4.979674396079062,,4.603924556838346,,4.351682341700942
Kepler-51,785.116760253906,1.11636296375705,0.06937225901789346,0.07014796203070928,0.06859655600507764,1611289254.7444859,557700785.8273956,51667684.45992151,1063733887.1948695,0.036947084338169615,0.0973524023729182,0.09441767740065134,0.10028712734518508,1.1725613942103734,56.97674146377773,1.04,0.3,0.05,5.191743971811109,5.153132804547439,5.557133795724608,5.713279970598178,4.661668898568907,4.49880289560612,4.087328757272507,3.681982873781463,3.7443287572725072,3.275330974214923,3.722328757272507,3.17291314029789,3.624328757272508,3.1575347536344767,3.650328757272508,3.1689014902431683,3.664328757272507,3.1504642401618246,-0.39267124272749143,3.151427710500781,,5.9730826071242555,,5.222282184701921,,4.898758275843622,,4.696783399123163
Kepler-193,1015.92901611328,1.2354383549085493,0.12420621916485852,0.12542615125026724,0.12298628707944981,1366916312.3255115,6255113.079192953,2596778.3083374253,9913447.85004848,-0.02301503992045403,0.09991356819805003,0.10026913314748527,0.0995580032486148,1.0666676066770826,57.56587796820382,1.051,0.3,0.0,4.5499689138015285,4.457172250620325,4.874457553633029,4.936557577514938,4.061786845930428,3.8876785793978685,3.504683177717528,3.181571748358133,3.207683177717529,2.841108775060118,3.183683177717528,2.7543660672887524,3.132683177717528,2.7420812576743683,3.1956831777175285,2.7424540880965362,2.510683177717528,2.7345562740861897,-0.7823168222824712,2.7346753577297225,,5.140154086710847,,4.537237291295728,,4.278997315652914,,4.126361831188996
Kepler-1884,1436.65979003906,1.2050853297801316,0.07468528001140629,0.07322309065641064,0.07614746936640193,3765561071.2950497,1407438115.753256,1455341554.2873616,1359534677.2191505,-0.24719354707298832,0.09835604625150346,0.10306197485756721,0.0936501176454397,1.9176303414115683,57.873701521359905,0.993,0.3,-0.2,4.432298843828086,4.3924112102268955,4.821401779619087,5.073979245691346,3.864826385942287,3.6702813016497355,3.224230316606386,2.6919390518772377,2.9042303166063874,2.2532347304286144,2.8242303166063873,2.1153694373049827,2.5582303166063873,2.0951474319068004,2.6082303166063863,2.091465247193246,2.253230316606386,2.079967463060108,-1.2257696833936134,2.0751839869246664,,5.398381449678135,,4.5491104987084245,,4.107337241022254,,3.7919079543063434
Kepler-1875,1261.3330078125,1.148861971595027,0.13204850579552851,0.12320759161148032,0.1408894199795767,3460062049.732025,1346365197.9456284,738311.4987557868,2691992084.392501,-0.5170865560322657,0.09490139678348253,0.09454280261888948,0.09525999094807558,1.707458491546816,61.884133686732255,0.95,0.3,-0.5,4.4915386800973955,4.397323250401965,4.771337187787795,4.995520092921986,3.9371391897409946,3.755848122623027,3.362851195356196,2.883561514640807,3.0308511953561954,2.4947559339022254,2.920851195356196,2.3754062847777275,2.9598511953561957,2.35814372830394,3.0528511953561956,2.3540026782622454,2.2118511953561946,2.3406333043902294,-1.0721488046438044,2.3325353327556146,,5.265347524925647,,4.5521322251302605,,4.180510271402241,,3.9192624776618454
Kepler-1755,964.844299316406,1.1988586102164063,0.12192089733192613,0.11085250628434928,0.13298928837950297,3285286394.756743,858204093.4343138,672808.9406501786,1715735377.9279773,-0.30297433385366046,0.09590713246139106,0.0982749343237001,0.09353933059908201,1.78473213588906,50.134699733413406,1.003,0.3,-0.26,4.452026224790476,4.53828397039175,4.813030100522877,5.179847517985911,3.9253576762064757,3.84930639764634,3.3087138239725764,2.9202257718541498,3.0087138239725757,2.499754362115294,2.988713823972576,2.372044074669077,2.777713823972576,2.353229708349721,2.751713823972576,2.3492917749430644,2.297713823972577,2.3373191243741274,-0.7602861760274227,2.3314962518297295,,5.480226042773069,,4.688035896736691,,4.278967555376516,,3.990952528184179
Kepler-501,1129.22546386719,1.0664936031215184,0.07473918683995928,0.06955764553111954,0.07992072814879903,7323248120.35579,1750317233.3231988,1709664679.9090977,1790969786.7373,-0.0398023373736983,0.10149582182950888,0.10420730712040993,0.09878433653860783,1.30341814348631,49.16839187622577,1.03,3.31,-0.03,4.45472461537933,4.452785647561479,4.8091004546127305,5.080257179657359,3.93394214467623,3.7377926191949005,3.3960966856918304,2.8150596097394156,3.0080966856918305,2.3455291717036135,3.07609668569183,2.2282200900167326,2.616096685691831,2.206523933648702,2.71709668569183,2.221653714796837,2.3780966856918297,2.192158669298164,-0.9129033143081688,2.189956467200315,,5.383733583802377,,4.53104154338812,,4.148173450767054,,3.8952911065686298
Kepler-29,875.265380859375,0.9543647871843075,0.1109573027274342,0.12028052695978597,0.10163407849508244,3060221896.894112,7671688.83501545,3457143.3828227716,11886234.287208129,-0.45874032326995406,0.10353545006362525,0.10214387866312058,0.10492702146412991,1.307545519229619,57.887609384790764,0.761,0.3,-0.44,5.560175267076705,5.494922073569172,5.956203785753505,6.059298013993663,4.9986050995352045,4.841344363342328,4.420301243639205,3.995367562181081,3.962301243639205,3.574305547597157,3.946301243639205,3.471465353985812,3.848301243639204,3.4532524361953043,3.9343012436392044,3.4505595591245433,3.481301243639205,3.4362884994575382,-0.06769875636079448,3.4302048092743345,,6.321084045472183,,5.5943042739482145,,5.248250874048218,,5.021901811819795
TOI-6130,218.147354125977,1.2841816830589239,0.06614903527709726,0.06453147645768542,0.06776659409650909,299358986.732314,113438903.46768588,118256816.46849391,108620990.46687785,0.2619970119119341,0.0945629665762172,0.09497515260508879,0.0941507805473456,1.4701868076857323,67.14805601505897,1.31,0.3,0.28,4.283163702812605,5.020581479936496,4.596287405815604,5.644913552859681,3.8071962955861043,4.324215220073455,3.2722502506642037,3.4495920236755784,3.0172502506642047,3.0436037011131485,2.9612502506642038,2.92127638733022,2.933250250664205,2.906854382553638,2.9692502506642047,2.922249869881325,2.959250250664205,2.906699008352034,1.2262502506642043,2.911724802793155,4.6804502506642045,5.94426905804683,7.043050250664205,5.108148325542501,6.523750250664204,4.737609255686759,6.351850250664205,4.497151198205415
HATS-58 A,709.326110839844,1.604376713595064,0.08529832448011943,0.0825114407079699,0.08808520825226895,1266742400.4634218,149410834.811678,141664493.3580445,157157176.26531148,-0.650000005600457,0.3111140648469928,0.21910703855331348,0.4031210911406721,1.2188232485837365,13.422732560284004,1.461,0.31,,2.5379159947810344,2.233560889549338,2.4562576314388345,2.651878101744303,1.7751033803401342,1.839564816855281,1.3297702657161334,1.2561559475259692,1.1037702657161343,1.0145438767720476,1.0347702657161335,0.9178774611512495,0.9977702657161345,0.9016524020387877,1.0117702657161338,0.9100088368745608,0.9877702657161347,0.8917388363873238,0.14777026571613305,0.8890379147813116,,2.7966248214242904,,2.405000049091467,,2.2420628936361675,,2.119082036103991
Qatar-3,623.834655761719,1.3943428960569555,0.06605713954334069,0.06345476648247783,0.06865951260420355,310002135.3761454,988380.1085795164,1009938.2157183886,966822.0014406443,-0.029438368690317396,0.09206155434206664,0.09429928972455551,0.08982381895957779,1.3107538133281669,36.93484549202223,1.145,0.31,-0.041,3.838243516589582,4.189765291086933,4.122730287219481,4.681379798719156,3.247160943652581,3.642907284007286,2.625652513171582,2.946268318988251,2.2966525131715816,2.642566401258875,2.2436525131715808,2.5456026528296642,2.161652513171582,2.5345665888149633,2.1906525131715817,2.5342973010789973,2.284652513171581,2.5308330809032316,0.2996525131715817,2.5330863624271527,5.089952513171582,4.885619604817273,5.240952513171582,4.304468338896539,4.704952513171582,4.043839065422039,4.210452513171582,3.8812704381196372
TOI-2260,100.945541381836,0.9922076997687617,0.04747970382653588,0.0462160668265974,0.04874334082647436,321034128.4089044,101041535.8386918,101660446.14482355,100422625.53256005,0.2196314468258893,0.09827081967821844,0.09835465618524149,0.0981869831711954,0.0,0.032522627016053844,0.99,0.321,0.22,5.233769996006147,5.23734703337732,5.620289428073947,5.625687345595228,4.6869522164650865,4.6877852818656915,4.082564292270747,4.080130099730381,3.755564292270747,3.69134144802603,3.6635642922707463,3.6365639067722695,3.6005642922707475,3.6212620324864435,3.655564292270747,3.666948983619533,3.5925642922707466,3.611846595886907,3.566564292270747,3.6131842396578038,,5.7937015434575825,,5.183100909023518,,5.035059895090582,,4.992038177251123
Kepler-1717,988.658569335938,1.3898114378129929,0.12165093379816072,0.11287780120501822,0.13042406639130322,702035696.3053637,1725918.568958023,659809.9212140534,2792027.216701993,-0.05000000592480475,0.10136118922680096,0.06684764823031776,0.13587473022328417,0.09491196834126067,39.795781177228704,1.158,0.33,-0.06,3.314330550241216,3.145353497710879,3.529275389718716,3.333630665353241,2.917472334909215,2.833034272048449,2.479768324899416,2.520086573938739,2.2877683248994156,2.3503976170466276,2.2527683248994155,2.3292501381954853,2.195768324899415,2.3258314886956857,2.2107683248994157,2.3252846334633857,2.267768324899416,2.3214509579329556,-0.5502316751005836,2.323313673654382,,3.346808053120046,,3.1671344724122816,,3.1717639905491892,,3.2345641380777637
Kepler-1824,1011.68054199219,1.2521593947619782,0.07967502705345042,0.08604567894248993,0.0733043751644109,885181992.7186084,260365546.2854439,19107716.20475672,501623376.36613107,0.18285157332009144,0.10134313884247342,0.09535280234548393,0.10733347533946291,0.9327682125259222,47.94523416980931,1.135,0.33,0.2,4.638673852944244,4.576313041534726,4.9654474964379425,5.06055601473009,4.143071245217243,3.989179392766748,3.6057830143212435,3.284692241259233,3.3667830143212427,2.935451649730996,3.383783014321244,2.8488547181796324,3.207783014321244,2.8373455058120807,3.226783014321244,2.8486818627737316,2.8637830143212426,2.8348661198251306,-0.4252169856787571,2.8384965443812766,,5.27126539237236,,4.627231134305735,,4.374810631322993,,4.233486154647643
TOI-2076,41.9643135070801,0.8503522888257533,0.046295016451842974,0.04308201357022623,0.04950801933345972,2682284906.5717688,1719585913.4479072,856826381.8211466,2582345445.074668,0.020432174496700536,0.09746049712765023,0.09722672831197085,0.09769426594332961,0.04612617586764787,0.041097690089730396,0.8557,2.7,0.02,5.803677808060877,5.802330795474472,6.234985600724446,6.2452173616867555,5.2045805561687875,5.2030691842942725,4.498599385514488,4.4982045185393424,4.073599385514488,4.031772846477106,4.000599385514487,3.9680017233505374,3.8965993855144876,3.9473612271432503,4.011599385514488,3.9947625745837447,3.977599385514487,3.930373744411659,3.8885993855144876,3.927606504728922,,6.45302231061655,,5.755524190480022,,5.557511214589638,,5.472082309919251
K2-233,67.5400390625,0.7956229711544509,0.04561509545515824,0.0428629843975703,0.048367206512746175,362153345.3274159,277242555.9113508,211134945.98551607,343350165.8371855,-0.08231076202050648,0.09813747998845551,0.09763014738128303,0.09864481259562798,0.16034416194107654,0.028812975154200896,0.79,0.36,-0.082,6.275111782310608,6.27315275741526,6.7893425104601075,6.778167309968027,5.603605854271107,5.622377540398794,4.820193462608508,4.826803937484113,4.353193462608507,4.3012178411274915,4.227193462608508,4.224274243829507,4.170193462608507,4.200093139821412,4.233193462608508,4.250670655503687,4.184193462608508,4.179175324298951,4.130193462608508,4.174308619287844,,7.033760850541871,,6.236411679278827,,5.985723986846334,,5.857435335428661
HD 18599,38.6166305541992,0.8726147236590458,0.045961648680745704,0.04283143786641053,0.04909185949508088,400124740.1269429,104920784.34944342,104814283.50043944,105027285.1984474,-0.0005484362825077886,0.09948661853186094,0.0991504485674196,0.0998227884963023,0.14493572849450642,0.0550235606360418,0.863,0.4,0.0,5.807793953775795,5.802444026948147,6.256327011942296,6.251752838620762,5.193262436746987,5.200311978536885,4.494128113626866,4.491305853003157,4.095128113626866,4.035325946703144,3.949128113626866,3.9690301405382375,3.8781281136268664,3.949071522870296,3.9481281136268658,3.9930785201282206,3.9401281136268658,3.9334282275996393,3.9151281136268663,3.9312190480954565,,6.459058052579301,,5.76448434247389,,5.558288971405213,,5.464732079058221
